Date,AGG,GLD,SPY,BTC
2021-12-13,104.48663330078125,167.0,446.45465087890625,46737.48046875
2021-12-14,104.2861099243164,165.44000244140625,443.3830261230469,46612.6328125
2021-12-15,104.20406341552734,166.14999389648438,450.3109436035156,48896.72265625
2021-12-16,104.34732818603516,168.16000366210938,446.3398132324219,47665.42578125
2021-12-17,104.47510528564453,167.8000030517578,441.5895080566406,46202.14453125
2021-12-20,104.31996154785156,167.08999633789062,436.8938903808594,46880.27734375
2021-12-21,104.23783111572266,167.02000427246094,444.6526184082031,48936.61328125
2021-12-22,104.32905578613281,168.58999633789062,449.0986328125,48628.51171875
2021-12-23,104.20134735107422,168.97000122070312,451.89300537109375,50784.5390625
2021-12-27,104.25608825683594,169.3699951171875,458.2882080078125,50640.41796875
2021-12-28,104.21045684814453,168.63999938964844,457.9137268066406,47588.85546875
2021-12-29,103.90023803710938,168.58999633789062,458.49945068359375,46444.7109375
2021-12-30,104.12834930419922,169.8000030517578,457.23199462890625,47178.125
2021-12-31,104.09185028076172,170.9600067138672,456.07958984375,46306.4453125
2022-01-03,103.3801498413086,168.3300018310547,458.7203063964844,46458.1171875
2022-01-04,103.37100982666016,169.57000732421875,458.5666809082031,45897.57421875
2022-01-05,103.05165100097656,169.05999755859375,449.76116943359375,43569.00390625
2022-01-06,102.94214630126953,166.99000549316406,449.33868408203125,43160.9296875
2022-01-07,102.64104461669922,167.75,447.5622253417969,41557.90234375
2022-01-10,102.5498046875,168.25999450683594,447.0052795410156,41821.26171875
2022-01-11,102.74140167236328,170.2899932861328,451.07672119140625,42735.85546875
2022-01-12,102.74140167236328,170.74000549316406,452.2962341308594,43949.1015625
2022-01-13,102.92390441894531,170.16000366210938,446.0642395019531,42591.5703125
2022-01-14,102.34907531738281,169.6699981689453,446.2466735839844,43099.69921875
2022-01-18,101.72860717773438,169.38999938964844,438.3438415527344,42375.6328125
2022-01-19,101.9476089477539,172.0800018310547,433.7922668457031,41744.328125
2022-01-20,102.00236511230469,171.64999389648438,428.99102783203125,40680.41796875
2022-01-21,102.4038314819336,171.08999633789062,420.56964111328125,36457.31640625
2022-01-24,102.28519439697266,172.02999877929688,422.35577392578125,36654.328125
2022-01-25,102.18482208251953,172.5800018310547,417.19915771484375,36954.00390625
2022-01-26,101.6099853515625,169.7899932861328,416.1524963378906,36852.12109375
2022-01-27,101.9476089477539,167.60000610351562,414.0975646972656,37138.234375
2022-01-28,102.02058410644531,167.10000610351562,424.3818664550781,37784.33203125
2022-01-31,102.01146697998047,168.08999633789062,432.0254211425781,38483.125
2022-02-01,101.97584533691406,168.22999572753906,434.944580078125,38743.2734375
2022-02-02,102.08548736572266,168.83999633789062,439.1696472167969,36952.984375
2022-02-03,101.67428588867188,168.60000610351562,428.8470153808594,37154.6015625
2022-02-04,101.03462982177734,168.86000061035156,430.8635559082031,41500.875
2022-02-07,101.1259994506836,170.11000061035156,429.4807434082031,43840.28515625
2022-02-08,100.81533813476562,170.6300048828125,433.0144348144531,44118.4453125
2022-02-09,100.87930297851562,171.2100067138672,439.3521423339844,44338.796875
2022-02-10,99.94725799560547,170.55999755859375,431.4588928222656,43565.11328125
2022-02-11,100.60518646240234,173.80999755859375,422.95111083984375,42407.9375
2022-02-14,100.02040100097656,174.74000549316406,421.5683288574219,42586.91796875
2022-02-15,99.85588836669922,173.0800018310547,428.3668518066406,44575.203125
2022-02-16,99.97471618652344,174.86000061035156,428.8470153808594,43961.859375
2022-02-17,100.18484497070312,177.25,419.68621826171875,40538.01171875
2022-02-18,100.3949966430664,177.1199951171875,416.96875,40030.9765625
2022-02-22,100.28535461425781,177.49000549316406,412.4939270019531,38286.02734375
2022-02-23,99.8376235961914,178.2899932861328,405.1769104003906,37296.5703125
2022-02-24,100.02040100097656,177.13999938964844,411.2744140625,38332.609375
2022-02-25,100.12088775634766,176.5500030517578,420.3487548828125,39214.21875
2022-02-28,100.84278106689453,178.3800048828125,419.2733154296875,43193.234375
2022-03-01,101.41104125976562,181.6199951171875,412.8876647949219,44354.63671875
2022-03-02,100.19397735595703,179.72999572753906,420.48321533203125,43924.1171875
2022-03-03,100.53253936767578,180.8000030517578,418.389892578125,42451.7890625
2022-03-04,100.93519592285156,183.67999267578125,414.9906311035156,39137.60546875
2022-03-07,100.34951782226562,186.41000366210938,402.7569885253906,38062.0390625
2022-03-08,99.99262237548828,191.50999450683594,399.7034606933594,38737.26953125
2022-03-09,99.78217315673828,185.82000732421875,410.4198303222656,41982.92578125
2022-03-10,99.22396087646484,186.39999389648438,408.5665283203125,39437.4609375
2022-03-11,99.20565032958984,185.08999633789062,403.37158203125,38794.97265625
2022-03-14,98.24480438232422,182.3000030517578,400.423583984375,39666.75390625
2022-03-15,98.46441650390625,178.88999938964844,409.2291564941406,39338.78515625
2022-03-16,98.53763580322266,180.00999450683594,418.3034362792969,41143.9296875
2022-03-17,98.70234680175781,180.88999938964844,423.536865234375,40951.37890625
2022-03-18,98.92198181152344,179.3000030517578,428.17572021484375,41801.15625
2022-03-21,97.95197296142578,180.6699981689453,428.0505676269531,41077.99609375
2022-03-22,97.68658447265625,179.36000061035156,433.0592956542969,42358.80859375
2022-03-23,98.08924865722656,181.80999755859375,427.48223876953125,42892.95703125
2022-03-24,97.8696060180664,183.1300048828125,433.9261779785156,43960.93359375
2022-03-25,97.09180450439453,182.3800048828125,436.0452880859375,44348.73046875
2022-03-28,97.3297119140625,179.05999755859375,439.14697265625,47128.00390625
2022-03-29,97.7872543334961,179.13999938964844,444.57952880859375,47465.73046875
2022-03-30,98.05262756347656,180.5800018310547,441.8343505859375,47062.6640625
2022-03-31,98.00688171386719,180.64999389648438,435.0339050292969,45538.67578125
2022-04-01,97.83274841308594,179.5,436.266845703125,46281.64453125
2022-04-04,97.91522216796875,180.3699951171875,440.00421142578125,46622.67578125
2022-04-05,96.92545318603516,179.24000549316406,434.4463806152344,45555.9921875
2022-04-06,96.67800903320312,179.66000366210938,430.1022033691406,43206.73828125
2022-04-07,96.46723937988281,180.33999633789062,432.26947021484375,43503.84765625
2022-04-08,95.98147583007812,181.47000122070312,431.1136169433594,42287.6640625
2022-04-11,95.56908416748047,182.3699951171875,423.7449035644531,39521.90234375
2022-04-12,95.87150573730469,183.77000427246094,422.1748046875,40127.18359375
2022-04-13,96.06398010253906,184.64999389648438,427.01025390625,41166.73046875
2022-04-14,95.28499603271484,184.0399932861328,421.69317626953125,39935.515625
2022-04-18,94.99170684814453,184.61000061035156,421.8665466308594,40826.21484375
2022-04-19,94.4143295288086,181.82000732421875,428.6766052246094,41502.75
2022-04-20,94.95504760742188,182.7100067138672,428.3587646484375,41374.37890625
2022-04-21,94.43267059326172,182.05999755859375,421.9532470703125,40527.36328125
2022-04-22,94.34103393554688,180.2899932861328,410.3752136230469,39740.3203125
2022-04-25,94.9733657836914,177.0500030517578,412.75439453125,40458.30859375
2022-04-26,95.26665496826172,177.32000732421875,400.8006896972656,38117.4609375
2022-04-27,94.8817138671875,175.97999572753906,401.9276428222656,39241.12109375
2022-04-28,94.8450698852539,176.92999267578125,412.0801696777344,39773.828125
2022-04-29,94.2768783569336,176.91000366210938,396.8514404296875,38609.82421875
2022-05-02,93.7636489868164,173.6300048828125,399.240234375,38529.328125
2022-05-03,93.97483825683594,174.08999633789062,401.0704040527344,37750.453125
2022-05-04,94.58074188232422,175.8000030517578,413.2841491699219,39698.37109375
2022-05-05,93.64431762695312,175.1300048828125,398.59490966796875,36575.140625
2022-05-06,93.24951934814453,175.4199981689453,396.2156982421875,36040.921875
2022-05-09,93.70858764648438,172.8800048828125,383.5299377441406,30296.953125
2022-05-10,93.99314880371094,171.4199981689453,384.4161071777344,31022.90625
2022-05-11,94.34207153320312,172.82000732421875,378.30926513671875,28936.35546875
2022-05-12,94.51646423339844,170.1699981689453,377.9143371582031,29047.751953125
2022-05-13,94.1125259399414,168.7899932861328,386.9493713378906,29283.103515625
2022-05-16,94.32369232177734,170.39999389648438,385.37933349609375,29862.91796875
2022-05-17,93.8095703125,169.3300018310547,393.3067321777344,30425.857421875
2022-05-18,94.18597412109375,169.4199981689453,377.451904296875,28720.271484375
2022-05-19,94.42467498779297,171.91000366210938,375.14019775390625,30314.333984375
2022-05-20,94.70928955078125,172.02999877929688,375.303955078125,29200.740234375
2022-05-23,94.39710998535156,172.8300018310547,382.32586669921875,29098.91015625
2022-05-24,95.1224136352539,174.1300048828125,379.4073791503906,29655.5859375
2022-05-25,95.5172119140625,173.0800018310547,382.7593078613281,29562.361328125
2022-05-26,95.4437255859375,172.75999450683594,390.4074401855469,29267.224609375
2022-05-27,95.5998306274414,172.85000610351562,399.9916076660156,28627.57421875
2022-05-31,94.99386596679688,171.13999938964844,397.74725341796875,31792.310546875
2022-06-01,94.60391998291016,172.22999572753906,394.53009033203125,29799.080078125
2022-06-02,94.72347259521484,174.35000610351562,402.04327392578125,30467.48828125
2022-06-03,94.56710815429688,172.5800018310547,395.44512939453125,29704.390625
2022-06-06,93.9876937866211,171.82000732421875,396.649169921875,31370.671875
2022-06-07,94.34642028808594,172.94000244140625,400.45391845703125,31155.478515625
2022-06-08,93.96009063720703,172.77999877929688,396.1001281738281,30214.35546875
2022-06-09,93.85894012451172,172.22999572753906,386.6797180175781,30111.998046875
2022-06-10,93.1323471069336,174.5399932861328,375.4676818847656,29083.8046875
2022-06-13,91.60557556152344,169.92999267578125,361.21185302734375,22487.388671875
2022-06-14,91.0629653930664,168.57000732421875,360.12335205078125,22206.79296875
2022-06-15,92.07466125488281,170.77000427246094,365.2574768066406,22572.83984375
2022-06-16,92.29537963867188,172.69000244140625,353.16888427734375,20381.650390625
2022-06-17,92.28617095947266,171.27000427246094,353.9302673339844,20471.482421875
2022-06-21,91.91827392578125,170.6300048828125,362.83990478515625,20710.59765625
2022-06-22,92.7000732421875,171.30999755859375,362.18206787109375,19987.029296875
2022-06-23,93.08634185791016,170.25999450683594,365.7323913574219,21085.876953125
2022-06-24,92.93917846679688,170.08999633789062,377.3604431152344,21231.65625
2022-06-27,92.52532958984375,169.89999389648438,375.9190368652344,20735.478515625
2022-06-28,92.56210327148438,169.6199951171875,368.2379455566406,20280.634765625
2022-06-29,93.09556579589844,169.49000549316406,367.9380798339844,20104.0234375
2022-06-30,93.51861572265625,168.4600067138672,364.94879150390625,19784.7265625
2022-07-01,94.29814147949219,168.32000732421875,368.8087463378906,19269.3671875
2022-07-05,94.47321319580078,164.75,369.5052490234375,20190.115234375
2022-07-06,93.83744049072266,162.13999938964844,370.7532043457031,20548.24609375
2022-07-07,93.62552642822266,162.22999572753906,376.3060302734375,21637.587890625
2022-07-08,93.27537536621094,162.3000030517578,375.9964294433594,21731.1171875
2022-07-11,93.70844268798828,161.42999267578125,371.70123291015625,19970.556640625
2022-07-12,93.83744049072266,160.8300018310547,368.4120788574219,19323.9140625
2022-07-13,94.1783676147461,161.60000610351562,366.477294921875,20212.07421875
2022-07-14,93.84664916992188,159.3300018310547,365.5873107910156,20569.919921875
2022-07-15,94.21522521972656,159.00999450683594,372.5718688964844,20836.328125
2022-07-18,93.9111557006836,159.16000366210938,369.4956359863281,22485.689453125
2022-07-19,93.78217315673828,159.5399932861328,379.47906494140625,23389.43359375
2022-07-20,93.71763610839844,158.0399932861328,381.89752197265625,23231.732421875
2022-07-21,94.5008544921875,160.27000427246094,385.7864990234375,23164.62890625
2022-07-22,95.23800659179688,160.6699981689453,382.2071228027344,22714.978515625
2022-07-25,94.88786315917969,160.22999572753906,382.6714782714844,21361.701171875
2022-07-26,94.86941528320312,160.0399932861328,378.14404296875,21239.75390625
2022-07-27,95.20111846923828,161.6699981689453,387.96307373046875,22930.548828125
2022-07-28,95.88298797607422,163.63999938964844,392.8290710449219,23843.88671875
2022-07-29,95.89220428466797,164.10000610351562,398.5559997558594,23804.6328125
2022-08-01,96.22455596923828,165.02999877929688,397.3758239746094,23314.19921875
2022-08-02,95.23675537109375,164.0500030517578,394.7541809082031,22978.1171875
2022-08-03,95.66141510009766,164.4499969482422,400.93585205078125,22846.5078125
2022-08-04,95.89219665527344,167.1699981689453,400.66497802734375,22630.95703125
2022-08-05,94.82130432128906,165.2899932861328,399.98773193359375,23289.314453125
2022-08-08,95.25521087646484,166.69000244140625,399.5234069824219,23809.486328125
2022-08-09,95.04286193847656,167.1999969482422,397.93695068359375,23164.318359375
2022-08-10,95.28288269042969,166.77999877929688,406.2951354980469,23947.642578125
2022-08-11,94.7751235961914,166.33999633789062,406.2951354980469,23957.529296875
2022-08-12,95.1998062133789,167.8699951171875,413.17333984375,24402.818359375
2022-08-15,95.3198471069336,165.7100067138672,414.87591552734375,24136.97265625
2022-08-16,95.18134307861328,165.4199981689453,415.68853759765625,23883.291015625
2022-08-17,94.61820220947266,164.35000610351562,412.7380065917969,23335.998046875
2022-08-18,94.82130432128906,163.9199981689453,413.9375915527344,23212.73828125
2022-08-19,94.15660095214844,162.72000122070312,408.37506103515625,20877.552734375
2022-08-22,93.75040435791016,161.63999938964844,399.8717041015625,21398.908203125
2022-08-23,93.7134780883789,162.77000427246094,398.90435791015625,21528.087890625
2022-08-24,93.46422576904297,163.25,400.1813049316406,21395.01953125
2022-08-25,93.98120880126953,163.75,405.830810546875,21600.904296875
2022-08-26,93.80577850341797,161.75999450683594,392.0938720703125,20260.01953125
2022-08-29,93.35344696044922,161.86000061035156,389.50128173828125,20297.994140625
2022-08-30,93.47343444824219,160.50999450683594,385.2253723144531,19796.80859375
2022-08-31,92.97489929199219,159.27000427246094,382.294189453125,20049.763671875
2022-09-01,92.57157135009766,157.8699951171875,383.4938049316406,20127.140625
2022-09-02,92.83985137939453,159.25999450683594,379.4499816894531,19969.771484375
2022-09-06,91.97027587890625,158.3300018310547,378.0183410644531,18837.66796875
2022-09-07,92.60859680175781,159.94000244140625,384.8094177246094,19290.32421875
2022-09-08,92.31254577636719,158.97999572753906,387.32464599609375,19329.833984375
2022-09-09,92.30329895019531,159.82000732421875,393.341796875,21381.15234375
2022-09-12,92.16455841064453,160.6300048828125,397.5693359375,22370.44921875
2022-09-13,91.64649200439453,158.5399932861328,380.2820129394531,20296.70703125
2022-09-14,91.76676177978516,157.92999267578125,381.73309326171875,20241.08984375
2022-09-15,91.4892578125,154.97999572753906,377.399169921875,19701.2109375
2022-09-16,91.42450714111328,155.83999633789062,374.5199890136719,19772.583984375
2022-09-19,91.28575897216797,155.9600067138672,377.42437744140625,19544.12890625
2022-09-20,90.87869262695312,155.07000732421875,373.0921630859375,18890.7890625
2022-09-21,91.16548919677734,155.7899932861328,366.5839538574219,18547.400390625
2022-09-22,90.19412231445312,155.6999969482422,363.5047302246094,19413.55078125
2022-09-23,89.91664123535156,153.00999450683594,357.4142761230469,19297.638671875
2022-09-26,88.76030731201172,151.22999572753906,353.8785095214844,19222.671875
2022-09-27,88.38101959228516,151.5399932861328,352.97515869140625,19110.546875
2022-09-28,89.8056411743164,154.69000244140625,359.92041015625,19426.720703125
2022-09-29,89.33386993408203,154.66000366210938,352.40203857421875,19573.05078125
2022-09-30,89.12107849121094,154.6699981689453,346.9526672363281,19431.7890625
2022-10-03,89.84515380859375,158.42999267578125,356.11260986328125,19623.580078125
2022-10-04,90.08616638183594,160.6999969482422,367.14739990234375,20336.84375
2022-10-05,89.61337280273438,159.80999755859375,366.29254150390625,20160.716796875
2022-10-06,89.26106262207031,159.6300048828125,362.5139465332031,19955.443359375
2022-10-07,88.78825378417969,157.8800048828125,352.40203857421875,19546.849609375
2022-10-10,88.38957214355469,155.47999572753906,349.7113037109375,19141.484375
2022-10-11,88.44522094726562,155.16000366210938,347.49658203125,19051.41796875
2022-10-12,88.51940155029297,155.99000549316406,346.3503723144531,19157.4453125
2022-10-13,88.24126434326172,154.91000366210938,355.490966796875,19382.904296875
2022-10-14,87.75917053222656,152.97999572753906,347.3897399902344,19185.65625
2022-10-17,87.944580078125,153.4199981689453,356.316650390625,19550.7578125
2022-10-18,88.0929183959961,153.75,360.50323486328125,19334.416015625
2022-10-19,87.33270263671875,151.69000244140625,357.9485168457031,19139.53515625
2022-10-20,86.80426025390625,151.4499969482422,354.947021484375,19053.740234375
2022-10-21,86.93404388427734,154.14999389648438,363.57275390625,19172.46875
2022-10-24,86.81351470947266,153.64999389648438,368.0215759277344,19345.572265625
2022-10-25,87.66644287109375,154.0,373.8983459472656,20095.857421875
2022-10-26,88.05584716796875,154.97999572753906,371.0813903808594,20770.44140625
2022-10-27,88.50086212158203,154.74000549316406,369.09979248046875,20285.8359375
2022-10-28,88.27835083007812,153.16000366210938,377.88092041015625,20595.3515625
2022-10-31,87.9816665649414,151.91000366210938,375.1513671875,20495.7734375
2022-11-01,88.14519500732422,153.4600067138672,373.5097961425781,20485.2734375
2022-11-02,87.99655151367188,152.38999938964844,364.1360778808594,20159.50390625
2022-11-03,87.67131805419922,151.80999755859375,360.3866271972656,20209.98828125
2022-11-04,87.66201782226562,156.47000122070312,365.5737609863281,21147.23046875
2022-11-07,87.3832778930664,155.85000610351562,369.0706787109375,20602.81640625
2022-11-08,87.75493621826172,159.4499969482422,371.06201171875,18541.271484375
2022-11-09,87.85714721679688,158.64999389648438,363.4172668457031,15880.7802734375
2022-11-10,89.74347686767578,163.47999572753906,383.38861083984375,17586.771484375
2022-11-11,89.67842102050781,164.55999755859375,387.0992431640625,17034.29296875
2022-11-14,89.42753601074219,164.9199981689453,383.8063049316406,16618.19921875
2022-11-15,90.08726501464844,165.5,387.0798645019531,16884.61328125
2022-11-16,90.64478302001953,165.1199951171875,384.1268615722656,16669.439453125
2022-11-17,90.26382446289062,163.9199981689453,382.9515075683594,16687.517578125
2022-11-18,90.13373565673828,162.7899932861328,384.69024658203125,16697.77734375
2022-11-21,90.0779800415039,161.8800048828125,383.2914733886719,15787.2841796875
2022-11-22,90.54259490966797,162.07000732421875,388.44940185546875,16189.76953125
2022-11-23,91.08153533935547,163.0800018310547,390.8972473144531,16610.70703125
2022-11-25,91.10011291503906,163.22000122070312,390.809814453125,16521.841796875
2022-11-28,90.95143127441406,161.92999267578125,384.57366943359375,16217.322265625
2022-11-29,90.62620544433594,162.72999572753906,383.91314697265625,16444.982421875
2022-11-30,91.3324203491211,164.80999755859375,396.0066833496094,17168.56640625
2022-12-01,92.09239196777344,167.83999633789062,395.7152404785156,16967.1328125
2022-12-02,92.47425079345703,167.25999450683594,395.2586975097656,17088.66015625
2022-12-05,91.747802734375,164.38999938964844,388.1482849121094,16974.826171875
2022-12-06,92.01790618896484,164.83999633789062,382.5532531738281,17089.50390625
2022-12-07,92.83748626708984,166.3300018310547,381.9024658203125,16848.126953125
2022-12-08,92.5580825805664,166.47000122070312,384.89422607421875,17233.474609375
2022-12-09,92.00857543945312,167.05999755859375,382.01904296875,17133.15234375
2022-12-12,92.0271987915039,165.67999267578125,387.5266418457031,17206.4375
2022-12-13,92.64191436767578,168.50999450683594,390.46014404296875,17781.318359375
2022-12-14,92.84679412841797,168.10000610351562,387.9637451171875,17815.650390625
2022-12-15,92.98308563232422,165.35000610351562,378.4734802246094,17364.865234375
2022-12-16,92.74039459228516,166.7899932861328,374.00518798828125,16647.484375
2022-12-19,92.17095947265625,166.32000732421875,370.833740234375,16439.6796875
2022-12-20,91.5455322265625,169.0800018310547,371.3411560058594,16906.3046875
2022-12-21,91.79757690429688,168.8000030517578,376.8936462402344,16817.53515625
2022-12-22,91.76956939697266,166.75999450683594,371.5168151855469,16830.341796875
2022-12-23,91.45216369628906,167.25999450683594,373.6539001464844,16796.953125
2022-12-27,90.78943634033203,168.6699981689453,372.180419921875,16717.173828125
2022-12-28,90.63072967529297,167.91000366210938,367.55499267578125,16552.572265625
2022-12-29,90.96678161621094,168.85000610351562,374.17108154296875,16642.341796875
2022-12-30,90.5373764038086,169.63999938964844,373.1854553222656,16602.5859375
2023-01-03,91.06946563720703,171.05999755859375,371.61444091796875,16679.857421875
2023-01-04,91.57353973388672,172.6699981689453,374.4833679199219,16863.23828125
2023-01-05,91.49887084960938,170.52000427246094,370.209228515625,16836.736328125
2023-01-06,92.49767303466797,173.7100067138672,378.69891357421875,16951.96875
2023-01-09,92.73104858398438,174.10000610351562,378.48419189453125,17196.5546875
2023-01-10,92.3763198852539,174.74000549316406,381.1384582519531,17446.29296875
2023-01-11,92.94576263427734,174.6199951171875,385.9590759277344,17934.896484375
2023-01-12,93.61784362792969,176.63999938964844,387.3642883300781,18869.587890625
2023-01-13,93.27244567871094,178.75999450683594,388.8670349121094,19909.57421875
2023-01-17,93.10443115234375,177.58999633789062,388.1546630859375,21161.51953125
2023-01-18,94.02857208251953,177.0800018310547,382.0264892578125,20688.78125
2023-01-19,93.81387329101562,179.88999938964844,379.24542236328125,21086.79296875
2023-01-20,93.43115234375,179.2899932861328,386.3103942871094,22676.552734375
2023-01-23,93.19776153564453,179.6300048828125,390.945556640625,22934.431640625
2023-01-24,93.60850524902344,180.27999877929688,390.52593994140625,22636.46875
2023-01-25,93.72053527832031,181.11000061035156,390.6723327636719,23117.859375
2023-01-26,93.56183624267578,179.47000122070312,394.96600341796875,23032.77734375
2023-01-27,93.42180633544922,179.22000122070312,395.87347412109375,23078.728515625
2023-01-30,93.16976928710938,178.75999450683594,390.906494140625,22840.138671875
2023-01-31,93.55249786376953,179.41000366210938,396.6541442871094,23139.283203125
2023-02-01,94.21221923828125,181.6699981689453,400.8697204589844,23723.76953125
2023-02-02,94.31515502929688,177.89999389648438,406.7051696777344,23471.87109375
2023-02-03,93.407470703125,173.4600067138672,402.38226318359375,23449.322265625
2023-02-06,92.8927993774414,173.82000732421875,399.92315673828125,22760.109375
2023-02-07,92.73371887207031,173.97999572753906,405.1535949707031,23264.291015625
2023-02-08,92.86470794677734,174.41000366210938,400.7233581542969,22939.3984375
2023-02-09,92.49976348876953,173.02999877929688,397.2493896484375,21819.0390625
2023-02-10,92.09740447998047,173.36000061035156,398.17645263671875,21651.18359375
2023-02-13,92.37811279296875,172.47999572753906,402.8505859375,21808.1015625
2023-02-14,92.05062866210938,172.61000061035156,402.66522216796875,22220.8046875
2023-02-15,91.87281036376953,170.88999938964844,403.9728698730469,24307.841796875
2023-02-16,91.48914337158203,170.75,398.4106140136719,23623.474609375
2023-02-17,91.70438385009766,171.25999450683594,397.4153137207031,24565.6015625
2023-02-21,90.84349822998047,170.6199951171875,389.44281005859375,24436.353515625
2023-02-22,91.08678436279297,169.66000366210938,388.9060974121094,24188.84375
2023-02-23,91.4142837524414,169.57000732421875,390.97479248046875,23947.4921875
2023-02-24,90.89026641845703,168.35000610351562,386.7982482910156,23198.126953125
2023-02-27,91.06806182861328,169.00999450683594,388.1156311035156,23522.87109375
2023-02-28,91.05870819091797,169.77999877929688,386.6811828613281,23147.353515625
2023-03-01,90.53717803955078,170.75999450683594,385.1979064941406,23646.55078125
2023-03-02,90.34957885742188,170.66000366210938,388.1937255859375,23475.466796875
2023-03-03,91.0624771118164,172.49000549316406,394.4194641113281,22362.6796875
2023-03-06,90.83733367919922,171.6199951171875,394.6927795410156,22429.7578125
2023-03-07,90.71538543701172,168.6199951171875,388.642578125,22219.76953125
2023-03-08,90.62157440185547,168.5399932861328,389.2768859863281,21718.080078125
2023-03-09,90.94989013671875,170.1999969482422,382.09478759765625,20363.021484375
2023-03-10,92.00983428955078,173.8699951171875,376.5813903808594,20187.244140625
2023-03-13,92.74150848388672,177.86000061035156,376.04461669921875,24197.533203125
2023-03-14,92.19745635986328,176.8300018310547,382.2607116699219,24746.07421875
2023-03-15,93.11671447753906,178.2100067138672,379.86993408203125,24375.9609375
2023-03-16,92.7508773803711,178.57000732421875,386.5347595214844,25052.7890625
2023-03-17,93.33245849609375,183.77000427246094,382.0151672363281,27423.9296875
2023-03-20,92.95724487304688,183.83999633789062,385.6885070800781,27767.236328125
2023-03-21,92.67583465576172,180.3699951171875,390.75274658203125,28175.81640625
2023-03-22,93.56697082519531,183.44000244140625,384.091796875,27307.4375
2023-03-23,93.79207611083984,185.74000549316406,385.1301574707031,28333.97265625
2023-03-24,93.95155334472656,183.64999389648438,387.6573486328125,27493.28515625
2023-03-27,92.9384994506836,181.9499969482422,388.38226318359375,27139.888671875
2023-03-28,92.79777526855469,183.44000244140625,387.5104675292969,27268.130859375
2023-03-29,92.91034698486328,182.52999877929688,393.1428527832031,28348.44140625
2023-03-30,93.01354217529297,184.17999267578125,395.4447937011719,28033.5625
2023-03-31,93.46377563476562,183.22000122070312,401.01849365234375,28478.484375
2023-04-03,93.87003326416016,184.5399932861328,402.5466003417969,27790.220703125
2023-04-04,94.21797180175781,187.97999572753906,400.3132019042969,28168.08984375
2023-04-05,94.53771209716797,187.8300018310547,399.2650451660156,28177.984375
2023-04-06,94.45306396484375,186.49000549316406,400.8225402832031,28044.140625
2023-04-10,93.80420684814453,185.11000061035156,401.23394775390625,29652.98046875
2023-04-11,93.86060333251953,186.27999877929688,401.34173583984375,30235.05859375
2023-04-12,93.97347259521484,187.19000244140625,399.70587158203125,30139.052734375
2023-04-13,93.93585205078125,189.72000122070312,405.01507568359375,30399.06640625
2023-04-14,93.47506713867188,186.36000061035156,404.025634765625,30485.69921875
2023-04-17,93.00486755371094,185.52999877929688,405.4754333496094,29445.044921875
2023-04-18,93.13652801513672,186.25,405.7398986816406,30397.552734375
2023-04-19,92.99545288085938,185.36000061035156,405.67132568359375,28822.6796875
2023-04-20,93.41864013671875,186.08999633789062,403.4575500488281,28245.98828125
2023-04-21,93.25875854492188,184.25,403.77099609375,27276.91015625
2023-04-24,93.62552642822266,184.80999755859375,404.19219970703125,27525.33984375
2023-04-25,94.20854949951172,185.75,397.7760925292969,28307.59765625
2023-04-26,93.86060333251953,184.74000549316406,396.09130859375,28422.701171875
2023-04-27,93.52206420898438,184.75,403.9766845703125,29473.787109375
2023-04-28,94.0016860961914,184.8000030517578,407.4247131347656,29340.26171875
2023-05-01,93.03913879394531,183.97000122070312,407.0133361816406,28091.568359375
2023-05-02,93.94418334960938,187.52000427246094,402.4388122558594,28680.537109375
2023-05-03,94.35897064208984,189.11000061035156,399.6764831542969,29006.30859375
2023-05-04,94.24583435058594,190.44000244140625,396.8455505371094,28847.7109375
2023-05-05,93.94418334960938,187.4600067138672,404.19219970703125,29534.384765625
2023-05-08,93.4256591796875,187.69000244140625,404.2999267578125,27694.2734375
2023-05-09,93.3408203125,189.02000427246094,402.5269775390625,27658.775390625
2023-05-10,93.94418334960938,188.75,404.40771484375,27621.755859375
2023-05-11,94.22699737548828,187.1300048828125,403.7024230957031,27000.7890625
2023-05-12,93.69905853271484,186.80999755859375,403.1734619140625,26804.990234375
2023-05-15,93.46337890625,187.2100067138672,404.564453125,27192.693359375
2023-05-16,93.24655151367188,184.8699951171875,401.86083984375,27036.650390625
2023-05-17,93.1051254272461,184.22999572753906,406.739013671875,27398.802734375
2023-05-18,92.67145538330078,181.83999633789062,410.65728759765625,26832.208984375
2023-05-19,92.46404266357422,183.63999938964844,410.0597229003906,26890.12890625
2023-05-22,92.37921142578125,183.2100067138672,410.2262878417969,26851.27734375
2023-05-23,92.48291015625,183.42999267578125,405.6223449707031,27225.7265625
2023-05-24,92.24723815917969,181.9499969482422,402.6837158203125,26334.818359375
2023-05-25,91.9078369140625,180.1999969482422,406.1708984375,26476.20703125
2023-05-26,91.98326873779297,180.9199981689453,411.4311218261719,26719.291015625
2023-05-30,92.59606170654297,182.0399932861328,411.5877685546875,27702.349609375
2023-05-31,92.92603302001953,182.32000732421875,409.30548095703125,27219.658203125
2023-06-01,93.20767974853516,183.75999450683594,413.19427490234375,26819.97265625
2023-06-02,92.7161636352539,181.0500030517578,419.1695251464844,27249.58984375
2023-06-05,92.70670318603516,182.13999938964844,418.3663024902344,25760.09765625
2023-06-06,92.82014465332031,182.33999633789062,419.27728271484375,27238.783203125
2023-06-07,92.3286361694336,180.14999389648438,417.8275451660156,26345.998046875
2023-06-08,92.82014465332031,182.52999877929688,420.3548278808594,26508.216796875
2023-06-09,92.60273742675781,182.0399932861328,421.1090393066406,26480.375
2023-06-12,92.76343536376953,181.8800048828125,424.9292907714844,25902.5
2023-06-13,92.3286361694336,180.5399932861328,427.7308349609375,25918.728515625
2023-06-14,92.41368865966797,180.63999938964844,428.2401428222656,25124.67578125
2023-06-15,93.05644226074219,181.91000366210938,433.5493469238281,25576.39453125
2023-06-16,92.76343536376953,181.6300048828125,432.07257080078125,26327.462890625
2023-06-20,92.9335708618164,179.75,429.8309020996094,28327.48828125
2023-06-21,93.08480834960938,179.49000549316406,427.62860107421875,30027.296875
2023-06-22,92.60273742675781,177.7100067138672,429.1722106933594,29912.28125
2023-06-23,92.87686157226562,178.1999969482422,425.92767333984375,30695.46875
2023-06-26,92.99030303955078,178.50999450683594,424.18743896484375,30271.130859375
2023-06-27,92.8106918334961,177.69000244140625,428.837890625,30688.1640625
2023-06-28,93.08480834960938,177.27999877929688,429.05419921875,30086.24609375
2023-06-29,92.36642456054688,177.08999633789062,430.74530029296875,30445.3515625
2023-06-30,92.5838394165039,178.27000427246094,435.8283996582031,30477.251953125
2023-07-03,92.47486877441406,178.47000122070312,436.329833984375,31156.439453125
2023-07-05,92.0578842163086,177.83999633789062,435.6809387207031,30514.166015625
2023-07-06,91.46084594726562,177.30999755859375,432.2692565917969,29909.337890625
2023-07-07,91.47978973388672,178.63999938964844,431.1778869628906,30342.265625
2023-07-10,91.73566436767578,178.77999877929688,432.2692565917969,30414.470703125
2023-07-11,91.93468475341797,179.4499969482422,435.02215576171875,30620.951171875
2023-07-12,92.68335723876953,181.8800048828125,438.52227783203125,30391.646484375
2023-07-13,93.26142120361328,182.00999450683594,442.00286865234375,31476.048828125
2023-07-14,92.81602478027344,181.42999267578125,441.7275695800781,30334.068359375
2023-07-17,92.9202651977539,181.55999755859375,443.2613220214844,30145.888671875
2023-07-18,92.99607849121094,183.63999938964844,446.55499267578125,29856.5625
2023-07-19,93.28038787841797,183.6699981689453,447.5480041503906,29913.923828125
2023-07-20,92.79706573486328,182.74000549316406,444.5787658691406,29792.015625
2023-07-21,92.86341094970703,182.17999267578125,444.5787658691406,29908.744140625
2023-07-24,92.69281768798828,181.39999389648438,446.5648498535156,29176.916015625
2023-07-25,92.58859252929688,182.41000366210938,447.783935546875,29227.390625
2023-07-26,92.891845703125,183.3000030517578,447.852783203125,29354.97265625
2023-07-27,92.09579467773438,180.4199981689453,444.883544921875,29210.689453125
2023-07-28,92.45590209960938,181.86000061035156,449.2391357421875,29319.24609375
2023-07-31,92.56962585449219,182.35000610351562,450.0944519042969,29230.111328125
2023-08-01,91.95670318603516,180.4600067138672,448.8064880371094,29675.732421875
2023-08-02,91.73814392089844,179.60000610351562,442.563232421875,29151.958984375
2023-08-03,91.1204833984375,179.5399932861328,441.294921875,29178.6796875
2023-08-04,91.87117767333984,180.19000244140625,439.2990417480469,29074.091796875
2023-08-07,91.89018249511719,179.77999877929688,443.13348388671875,29180.578125
2023-08-08,92.1087417602539,178.63999938964844,441.2064514160156,29765.4921875
2023-08-09,92.17525482177734,177.7899932861328,438.2568664550781,29561.494140625
2023-08-10,91.57661437988281,177.60000610351562,438.4141540527344,29429.591796875
2023-08-11,91.29151153564453,177.60000610351562,438.1585388183594,29397.71484375
2023-08-14,91.22501373291016,177.05999755859375,440.5771789550781,29408.443359375
2023-08-15,90.97793579101562,176.58999633789062,435.4449768066406,29170.34765625
2023-08-16,90.75938415527344,175.57000732421875,432.2496032714844,28701.779296875
2023-08-17,90.66435241699219,175.3000030517578,428.9559020996094,26664.55078125
2023-08-18,90.8639144897461,175.3300018310547,429.1623840332031,26049.556640625
2023-08-21,90.40777587890625,175.80999755859375,431.95465087890625,26124.140625
2023-08-22,90.5028076171875,176.10000610351562,430.78460693359375,26031.65625
2023-08-23,91.36753845214844,177.88999938964844,435.58258056640625,26431.640625
2023-08-24,91.15849304199219,177.85000610351562,429.5457763671875,26162.373046875
2023-08-25,91.1014633178711,177.6199951171875,432.5740051269531,26047.66796875
2023-08-28,91.30101776123047,178.1300048828125,435.317138671875,26106.150390625
2023-08-29,91.89018249511719,179.8699951171875,441.60955810546875,27727.392578125
2023-08-30,91.85218048095703,180.32000732421875,443.428466796875,27297.265625
2023-08-31,91.98519134521484,180.02000427246094,442.779541015625,25931.47265625
2023-09-01,91.50880432128906,180.11000061035156,443.60540771484375,25800.724609375
2023-09-05,91.01333618164062,178.63999938964844,441.6882019042969,25779.982421875
2023-09-06,90.92757415771484,177.8300018310547,438.7189636230469,25753.236328125
2023-09-07,91.21343994140625,178.02000427246094,437.37200927734375,26240.1953125
2023-09-08,91.26107788085938,178.0800018310547,438.03070068359375,25905.654296875
2023-09-11,91.15626525878906,178.41000366210938,440.9114685058594,25162.654296875
2023-09-12,91.1848373413086,177.49000549316406,438.4928283691406,25833.34375
2023-09-13,91.31822967529297,177.0800018310547,439.00408935546875,26228.32421875
2023-09-14,91.19436645507812,177.1699981689453,442.7893371582031,26539.673828125
2023-09-15,90.98475646972656,178.33999633789062,437.4544677734375,26608.693359375
2023-09-18,91.1181640625,179.38999938964844,437.7110290527344,26754.28125
2023-09-19,90.85134887695312,179.22000122070312,436.80328369140625,27211.1171875
2023-09-20,90.8037109375,179.35000610351562,432.7876281738281,27132.0078125
2023-09-21,90.18438720703125,178.0500030517578,425.6343688964844,26567.6328125
2023-09-22,90.56552124023438,178.6199951171875,424.67730712890625,26579.568359375
2023-09-25,89.85089111328125,177.6999969482422,426.463134765625,26298.48046875
2023-09-26,89.73656463623047,176.27999877929688,420.1978759765625,26217.25
2023-09-27,89.42213439941406,174.10000610351562,420.3655700683594,26352.716796875
2023-09-28,89.68892669677734,173.22999572753906,422.8026123046875,27021.546875
2023-09-29,89.60317993164062,171.4499969482422,421.77655029296875,26911.720703125
2023-10-02,88.9792709350586,169.64999389648438,421.6087646484375,27530.78515625
2023-10-03,88.28180694580078,169.16000366210938,415.9650573730469,27429.978515625
2023-10-04,88.90283966064453,169.13999938964844,418.9941711425781,27799.39453125
2023-10-05,88.96015167236328,168.8300018310547,418.8363037109375,27415.912109375
2023-10-06,88.61620330810547,169.6999969482422,423.8090515136719,27946.59765625
2023-10-09,89.53340911865234,172.82000732421875,426.5223388671875,27583.677734375
2023-10-10,89.44744873046875,172.52999877929688,428.7423095703125,27391.01953125
2023-10-11,89.8582763671875,173.7899932861328,430.4985656738281,26873.3203125
2023-10-12,89.0843734741211,173.25999450683594,427.8740539550781,26756.798828125
2023-10-13,89.46654510498047,178.8300018310547,425.74285888671875,26862.375
2023-10-16,88.9697036743164,177.9600067138672,430.2222900390625,28519.466796875
2023-10-17,88.3295669555664,178.2899932861328,430.2025451660156,28415.748046875
2023-10-18,87.91874694824219,180.8699951171875,424.4700622558594,28328.341796875
2023-10-19,87.58434295654297,183.08999633789062,420.7405090332031,28719.806640625
2023-10-20,87.89964294433594,183.58999633789062,415.5704345703125,29682.94921875
2023-10-23,88.24358367919922,182.97000122070312,414.85015869140625,33086.234375
2023-10-24,88.55887603759766,182.9499969482422,417.9778747558594,33901.52734375
2023-10-25,87.89964294433594,183.72000122070312,411.9789733886719,34502.8203125
2023-10-26,88.49199676513672,184.00999450683594,407.0456848144531,34156.6484375
2023-10-27,88.46332550048828,186.14999389648438,405.2006530761719,33909.80078125
2023-10-30,88.2531509399414,185.10000610351562,410.0451354980469,34502.36328125
2023-10-31,88.19580841064453,184.08999633789062,412.620361328125,34667.78125
2023-11-01,89.17041015625,183.50999450683594,417.02081298828125,35437.25390625
2023-11-02,89.70706939697266,184.1199951171875,425.01275634765625,34938.2421875
2023-11-03,90.2532958984375,184.7899932861328,428.89031982421875,34732.32421875
2023-11-06,89.80288696289062,183.35000610351562,429.876953125,35037.37109375
2023-11-07,90.28203582763672,182.58999633789062,431.10040283203125,35443.5625
2023-11-08,90.58870697021484,180.77000427246094,431.4161682128906,35655.27734375
2023-11-09,89.8316421508789,181.49000549316406,428.0516662597656,36693.125
2023-11-10,90.04247283935547,179.50999450683594,434.7312927246094,37313.96875
2023-11-13,90.03289031982422,180.50999450683594,434.3169250488281,36502.35546875
2023-11-14,91.16368103027344,182.1199951171875,442.74298095703125,35537.640625
2023-11-15,90.59828186035156,181.63999938964844,443.6803283691406,37880.58203125
2023-11-16,91.09661102294922,183.69000244140625,444.22296142578125,36154.76953125
2023-11-17,91.27869415283203,183.6699981689453,444.7755126953125,36596.68359375
2023-11-20,91.42242431640625,183.3699951171875,448.1992492675781,37476.95703125
2023-11-21,91.51826477050781,185.35000610351562,447.222412109375,35813.8125
2023-11-22,91.6045150756836,184.55999755859375,448.94903564453125,37432.33984375
2023-11-24,91.182861328125,185.52000427246094,449.2253112792969,37720.28125
2023-11-27,91.70033264160156,186.77000427246094,448.41632080078125,37254.16796875
2023-11-28,92.10284423828125,189.25999450683594,448.8602294921875,37831.0859375
2023-11-29,92.55323028564453,189.5399932861328,448.5445556640625,37858.4921875
2023-11-30,92.24658203125,188.75,450.3106384277344,37712.74609375
2023-12-01,93.05769348144531,192.00999450683594,452.9746398925781,38688.75
2023-12-04,92.70211791992188,187.86000061035156,450.5967712402344,41980.09765625
2023-12-05,93.31716918945312,187.14999389648438,450.5079650878906,44080.6484375
2023-12-06,93.55744171142578,187.83999633789062,448.69256591796875,43746.4453125
2023-12-07,93.58627319335938,188.14999389648438,452.1162414550781,43292.6640625
2023-12-08,93.1153564453125,185.63999938964844,454.0599365234375,44166.6015625
2023-12-11,93.12496185302734,183.58999633789062,455.8260498046875,41243.83203125
2023-12-12,93.40367889404297,183.49000549316406,457.9079284667969,41450.22265625
2023-12-13,94.57615661621094,187.6300048828125,464.2225341796875,42890.7421875
2023-12-14,95.3394775390625,188.72999572753906,465.7123718261719,43023.97265625
2023-12-15,95.11780548095703,187.0,464.94561767578125,41929.7578125
2023-12-18,94.92503356933594,187.85000610351562,467.5609436035156,42623.5390625
2023-12-19,95.04069519042969,189.1300048828125,470.40411376953125,42270.52734375
2023-12-20,95.38768005371094,188.10000610351562,463.8856201171875,43652.25
2023-12-21,95.3780288696289,189.42999267578125,468.2841491699219,43869.15234375
2023-12-22,95.25273132324219,190.27000427246094,469.2252502441406,43997.90234375
2023-12-26,95.44549560546875,191.72000122070312,471.20654296875,42520.40234375
2023-12-27,96.05268096923828,192.58999633789062,472.05853271484375,43442.85546875
2023-12-28,95.84066009521484,191.47000122070312,472.2368469238281,42627.85546875
2023-12-29,95.65752410888672,191.1699981689453,470.8697204589844,42099.40234375
2024-01-02,95.20454406738281,190.72000122070312,468.234619140625,44957.96875
2024-01-03,95.25273132324219,189.1300048828125,464.4106750488281,42848.17578125
2024-01-04,94.86721801757812,189.32000732421875,462.9147644042969,44179.921875
2024-01-05,94.6455307006836,189.35000610351562,463.5487976074219,44162.69140625
2024-01-08,95.00213623046875,187.8699951171875,470.1663818359375,46970.50390625
2024-01-09,94.98286437988281,187.92999267578125,469.453125,46139.73046875
2024-01-10,94.79974365234375,187.5,472.1080627441406,46627.77734375
2024-01-11,95.3394775390625,187.8699951171875,471.9000244140625,46368.5859375
2024-01-12,95.51295471191406,189.7100067138672,472.2269287109375,42853.16796875
2024-01-16,94.79974365234375,187.91000366210938,470.4932861328125,43154.9453125
2024-01-17,94.53950500488281,185.83999633789062,467.8779602050781,42742.65234375
2024-01-18,94.45278930664062,187.3699951171875,472.0386962890625,41262.05859375
2024-01-19,94.47206115722656,187.92999267578125,477.9232177734375,41618.40625
2024-01-22,94.6455307006836,187.22000122070312,478.9337158203125,39507.3671875
2024-01-23,94.41421508789062,187.9499969482422,480.33050537109375,39845.55078125
2024-01-24,94.20217895507812,186.39999389648438,480.8555603027344,40077.07421875
2024-01-25,94.62626647949219,187.13999938964844,483.4709167480469,39933.80859375
2024-01-26,94.5202407836914,187.00999450683594,482.8567199707031,41816.87109375
2024-01-29,94.89612579345703,188.3300018310547,486.6806335449219,43288.24609375
2024-01-30,95.07926177978516,188.58999633789062,486.30419921875,42952.609375
2024-01-31,95.51295471191406,188.4499969482422,478.3690185546875,42582.60546875
2024-02-01,96.05719757080078,190.41000366210938,484.6300048828125,43075.7734375
2024-02-02,95.17752838134766,188.61000061035156,489.7319030761719,43185.859375
2024-02-05,94.3945541381836,187.57000732421875,487.94866943359375,42658.66796875
2024-02-06,94.8875503540039,188.5500030517578,489.3653564453125,43084.671875
2024-02-07,94.6941909790039,188.5,493.44683837890625,44318.22265625
2024-02-08,94.40421295166016,188.3300018310547,493.664794921875,45301.56640625
2024-02-09,94.37520599365234,187.60000610351562,496.5179138183594,47147.19921875
2024-02-12,94.3945541381836,187.11000061035156,496.2999572753906,49958.22265625
2024-02-13,93.52454376220703,184.52999877929688,489.4643859863281,49742.44140625
2024-02-14,93.9402084350586,184.4199981689453,493.9124755859375,51826.6953125
2024-02-15,94.16254425048828,185.66000366210938,497.3203430175781,51938.5546875
2024-02-16,93.86286926269531,186.33999633789062,494.8437194824219,52160.203125
2024-02-20,93.94988250732422,187.47000122070312,492.119384765625,52284.875
2024-02-21,93.66954040527344,187.47999572753906,492.56512451171875,51839.1796875
2024-02-22,93.74687957763672,187.55999755859375,502.759033203125,51304.97265625
2024-02-23,94.09485626220703,188.6199951171875,503.10577392578125,50731.94921875
2024-02-26,93.8918685913086,188.1999969482422,501.26312255859375,54522.40234375
2024-02-27,93.76620483398438,188.0,502.1943664550781,57085.37109375
2024-02-28,93.94988250732422,188.33999633789062,501.5306396484375,62504.7890625
2024-02-29,94.10453033447266,189.30999755859375,503.3336181640625,61198.3828125
2024-03-01,94.55632019042969,192.88999938964844,508.0590515136719,62440.6328125
2024-03-04,94.32364654541016,196.00999450683594,507.5141906738281,68330.4140625
2024-03-05,94.83749389648438,197.19000244140625,502.4420166015625,63801.19921875
2024-03-06,94.98291778564453,198.80999755859375,504.9880065917969,66106.8046875
2024-03-07,95.18650817871094,199.94000244140625,510.0007629394531,66925.484375
2024-03-08,95.27375793457031,201.6300048828125,506.9396057128906,68300.09375
2024-03-11,95.16712951660156,202.0,506.50372314453125,72123.90625
2024-03-12,94.92473602294922,199.7899932861328,511.952392578125,71481.2890625
2024-03-13,94.7502212524414,201.19000244140625,511.1499328613281,73083.5
2024-03-14,94.14913177490234,200.35000610351562,510.13946533203125,71396.59375
2024-03-15,94.13943481445312,199.7100067138672,506.6365051269531,69403.7734375
2024-03-18,94.04249572753906,200.02999877929688,509.6475524902344,67548.59375
2024-03-19,94.27517700195312,199.8000030517578,512.479736328125,61912.7734375
2024-03-20,94.46907806396484,202.17999267578125,517.2198486328125,67913.671875
2024-03-21,94.53692626953125,201.97000122070312,518.9290161132812,65491.390625
2024-03-22,94.83749389648438,200.35000610351562,517.9452514648438,63778.76171875
2024-03-25,94.66297149658203,200.99000549316406,516.5142822265625,69958.8125
2024-03-26,94.7599105834961,201.63999938964844,515.5602416992188,69987.8359375
2024-03-27,95.07017517089844,203.10000610351562,519.8929443359375,69455.34375
2024-03-28,94.95381927490234,205.72000122070312,519.7936401367188,70744.953125
2024-04-01,94.26343536376953,207.82000732421875,518.8892211914062,69702.1484375
2024-04-02,94.19536590576172,210.88999938964844,515.5901489257812,65446.97265625
2024-04-03,94.25371551513672,212.74000549316406,516.156494140625,65980.8125
2024-04-04,94.47735595703125,211.52000427246094,509.85626220703125,68508.84375
2024-04-05,94.01061248779297,215.13999938964844,515.1826171875,67837.640625
2024-04-08,93.923095703125,216.47999572753906,515.4708251953125,71631.359375
2024-04-09,94.24398803710938,217.6699981689453,516.067138671875,69139.015625
2024-04-10,93.11601257324219,215.61000061035156,510.8996276855469,70587.8828125
2024-04-11,93.13545989990234,219.8000030517578,514.75537109375,70060.609375
2024-04-12,93.31047821044922,216.88999938964844,507.650146484375,67195.8671875
2024-04-15,92.74650573730469,220.9499969482422,501.2902526855469,63426.2109375
2024-04-16,92.48394775390625,221.22000122070312,500.3760070800781,63811.86328125
2024-04-17,92.91180419921875,219.58999633789062,497.4146423339844,61276.69140625
2024-04-18,92.6492691040039,220.33999633789062,496.39111328125,63512.75390625
2024-04-19,92.74650573730469,221.02999877929688,492.05841064453125,63843.5703125
2024-04-22,92.80485534667969,215.57000732421875,496.58984375,66837.6796875
2024-04-23,92.99932098388672,215.0399932861328,502.4826965332031,66407.2734375
2024-04-24,92.75623321533203,214.63999938964844,502.24420166015625,64276.8984375
2024-04-25,92.4936752319336,215.9199981689453,500.33624267578125,64481.70703125
2024-04-26,92.69788360595703,216.6199951171875,505.0763854980469,63755.3203125
2024-04-29,92.9798812866211,216.17999267578125,506.8650817871094,63841.12109375
2024-04-30,92.60063934326172,211.8699951171875,498.8357238769531,60636.85546875
2024-05-01,92.92740631103516,213.7899932861328,497.2159118652344,58254.01171875
2024-05-02,93.34683227539062,213.1300048828125,501.8665771484375,59123.43359375
2024-05-03,93.82477569580078,212.9600067138672,508.08740234375,62889.8359375
2024-05-06,93.89307403564453,215.1999969482422,513.3343505859375,63161.94921875
2024-05-07,94.08815002441406,214.2100067138672,513.9007568359375,62334.81640625
2024-05-08,93.89307403564453,213.5800018310547,513.9503784179688,61187.94140625
2024-05-09,94.06864166259766,216.9499969482422,516.9117431640625,63049.9609375
2024-05-10,93.8735580444336,218.7100067138672,517.57763671875,60792.77734375
2024-05-13,93.92232513427734,216.25999450683594,517.6470947265625,62901.44921875
2024-05-14,94.17593383789062,218.08999633789062,520.0220947265625,61552.7890625
2024-05-15,94.8001937866211,220.88999938964844,526.4616088867188,66267.4921875
2024-05-16,94.69290161132812,220.02999877929688,525.3783569335938,65231.58203125
2024-05-17,94.39051055908203,223.66000366210938,526.1336059570312,67051.875
2024-05-20,94.30274200439453,224.55999755859375,526.7398071289062,71448.1953125
2024-05-21,94.47831726074219,224.22999572753906,528.0316772460938,70136.53125
2024-05-22,94.36125946044922,220.11000061035156,526.51123046875,69122.3359375
2024-05-23,94.097900390625,215.72000122070312,522.66552734375,67929.5625
2024-05-24,94.2052001953125,215.9199981689453,526.1237182617188,68526.1015625
2024-05-28,93.7662582397461,218.19000244140625,526.4913940429688,68296.21875
2024-05-29,93.40535736083984,216.16000366210938,522.8045654296875,67578.09375
2024-05-30,93.84429931640625,216.57000732421875,519.3364868164062,68364.9921875
2024-05-31,94.14665985107422,215.3000030517578,524.066650390625,67491.4140625
2024-06-03,94.71614837646484,217.22000122070312,524.4939575195312,68804.78125
2024-06-04,95.05860900878906,215.27000427246094,525.0802612304688,70567.765625
2024-06-05,95.35214233398438,217.82000732421875,531.3209228515625,71082.8203125
2024-06-06,95.38150787353516,219.42999267578125,531.3109741210938,70757.1640625
2024-06-07,94.5400161743164,211.60000610351562,530.6651000976562,69342.5859375
2024-06-10,94.46173858642578,213.5399932861328,532.3046875,69512.28125
2024-06-11,94.78463745117188,214.14999389648438,533.5866088867188,67332.03125
2024-06-12,95.23473358154297,214.72000122070312,537.9690551757812,68241.1875
2024-06-13,95.71418762207031,212.97000122070312,539.05224609375,66756.3984375
2024-06-14,95.81202697753906,215.72999572753906,539.380126953125,66011.09375
2024-06-17,95.46956634521484,214.61000061035156,543.6730346679688,66490.296875
2024-06-18,95.81202697753906,215.47000122070312,545.0543212890625,65140.74609375
2024-06-20,95.64568328857422,218.16000366210938,543.57373046875,64828.65625
2024-06-21,95.65546417236328,214.77999877929688,542.844970703125,64096.19921875
2024-06-24,95.73374938964844,215.6300048828125,541.080322265625,60277.4140625
2024-06-25,95.7239761352539,214.55999755859375,543.1640014648438,61804.640625
2024-06-26,95.29344940185547,212.5800018310547,543.8419189453125,60811.27734375
2024-06-27,95.45000457763672,214.99000549316406,544.6992797851562,61604.80078125
2024-06-28,94.9803237915039,215.00999450683594,542.5557861328125,60320.13671875
2024-07-01,94.4709243774414,215.57000732421875,543.6724243164062,62851.98046875
2024-07-02,94.78500366210938,215.55999755859375,547.3311767578125,62029.015625
2024-07-03,95.29539489746094,217.99000549316406,549.7737426757812,60173.921875
2024-07-05,95.77635192871094,220.92999267578125,552.9439697265625,56662.375
2024-07-08,95.80579376220703,218.19000244140625,553.58203125,56705.09765625
2024-07-09,95.71743774414062,218.55999755859375,554.120361328125,58009.2265625
2024-07-10,95.81560516357422,219.36000061035156,559.6035766601562,57742.49609375
2024-07-11,96.30636596679688,223.25,554.7783203125,57344.9140625
2024-07-12,96.57137298583984,223.11000061035156,558.277587890625,57899.46484375
2024-07-15,96.23766326904297,223.8300018310547,559.8129272460938,64870.15234375
2024-07-16,96.6302490234375,228.2899932861328,563.1326904296875,65097.1484375
2024-07-17,96.69895935058594,227.22999572753906,555.2369384765625,64118.79296875
2024-07-18,96.4339599609375,225.77999877929688,550.969970703125,63974.06640625
2024-07-19,96.23766326904297,221.72999572753906,547.3112182617188,66710.15625
2024-07-22,96.1983871459961,221.8000030517578,552.9539794921875,67585.25
2024-07-23,96.18858337402344,222.5800018310547,552.0866088867188,65927.671875
2024-07-24,95.89411926269531,221.8000030517578,539.574951171875,65372.1328125
2024-07-25,96.15913391113281,218.3300018310547,536.7635498046875,65777.2265625
2024-07-26,96.50265502929688,220.6300048828125,542.775146484375,67912.0625
2024-07-29,96.65970611572266,220.32000732421875,543.0941772460938,66819.9140625
2024-07-30,96.75785827636719,222.52000427246094,540.3425903320312,66201.015625
2024-07-31,97.27806091308594,226.5500030517578,549.1256713867188,64619.25
2024-08-01,97.68566131591797,225.77000427246094,541.3495483398438,65357.5
2024-08-02,98.77850341796875,225.33999633789062,531.2704467773438,61415.06640625
2024-08-05,98.6997299194336,222.47999572753906,515.7979125976562,53991.45703125
2024-08-06,98.1090087890625,220.6999969482422,520.5533447265625,56034.31640625
2024-08-07,97.81365203857422,220.5500030517578,517.073974609375,55027.4609375
2024-08-08,97.66596984863281,224.00999450683594,529.02734375,61710.13671875
2024-08-09,98.01055908203125,224.55999755859375,531.3601684570312,60880.11328125
2024-08-12,98.17792510986328,228.41000366210938,531.6393432617188,59354.515625
2024-08-13,98.57174682617188,228.05999755859375,540.3824462890625,60609.56640625
2024-08-14,98.74895477294922,226.1999969482422,542.0872802734375,58737.26953125
2024-08-15,98.33544921875,226.91000366210938,551.3787841796875,57560.09765625
2024-08-16,98.57174682617188,231.99000549316406,552.614990234375,58894.10546875
2024-08-19,98.68004608154297,231.61000061035156,557.8987426757812,59493.453125
2024-08-20,98.97539520263672,232.4600067138672,556.9915771484375,59012.79296875
2024-08-21,99.16246032714844,232.14999389648438,558.9057006835938,61175.19140625
2024-08-22,98.75880432128906,229.3699951171875,554.5191040039062,60381.9140625
2024-08-23,99.2116928100586,232.02000427246094,560.4110717773438,64094.35546875
2024-08-26,99.12307739257812,232.75999450683594,559.0751342773438,62880.66015625
2024-08-27,99.15262603759766,233.38999938964844,559.8428344726562,59504.1328125
2024-08-28,99.06401062011719,231.75,556.5927734375,59027.625
2024-08-29,98.93601989746094,232.9499969482422,556.642578125,59388.1796875
2024-08-30,98.6997299194336,231.2899932861328,561.956298828125,59119.4765625
2024-09-03,99.42691802978516,230.2899932861328,550.3917846679688,57431.0234375
2024-09-04,99.86282348632812,230.42999267578125,549.2652587890625,57971.5390625
2024-09-05,100.12039184570312,232.35000610351562,547.9293212890625,56160.48828125
2024-09-06,100.24919891357422,230.6300048828125,538.7076416015625,53948.75390625
2024-09-09,100.39778900146484,231.60000610351562,544.7391357421875,57019.53515625
2024-09-10,100.70491790771484,232.6199951171875,547.11181640625,57648.7109375
2024-09-11,100.6751937866211,232.25,552.724609375,57343.171875
2024-09-12,100.58602905273438,236.3300018310547,557.38037109375,58127.01171875
2024-09-13,100.79407501220703,238.67999267578125,560.2914428710938,60571.30078125
2024-09-16,101.03185272216797,238.66000366210938,561.118896484375,58192.5078125
2024-09-17,100.93277740478516,237.33999633789062,561.3482055664062,60308.5390625
2024-09-18,100.61575317382812,235.50999450683594,559.683349609375,61649.6796875
2024-09-19,100.62566375732422,239.1699981689453,569.2340087890625,62940.45703125
2024-09-20,100.53650665283203,242.2100067138672,568.25,63192.9765625
2024-09-23,100.49686431884766,242.67999267578125,569.6699829101562,63329.80078125
2024-09-24,100.63556671142578,246.07000732421875,571.2999877929688,64301.96875
2024-09-25,100.24919891357422,245.72999572753906,570.0399780273438,63143.14453125
2024-09-26,100.26900482177734,246.97999572753906,572.2999877929688,65181.01953125
2024-09-27,100.55631256103516,245.02000427246094,571.469970703125,65790.6640625
2024-09-30,100.32844543457031,243.05999755859375,573.760009765625,63329.5
2024-10-01,100.5937728881836,245.61000061035156,568.6199951171875,60837.0078125
2024-10-02,100.38508605957031,245.66000366210938,568.8599853515625,60632.78515625
2024-10-03,99.97766876220703,245.49000549316406,567.8200073242188,60759.40234375
2024-10-04,99.33174896240234,245.0,572.97998046875,62067.4765625
2024-10-07,98.993896484375,244.1699981689453,567.7999877929688,62236.66015625
2024-10-08,99.1628189086914,242.3699951171875,573.1699829101562,62131.96875
2024-10-09,98.90445709228516,241.0500030517578,577.1400146484375,60582.1015625
2024-10-10,98.8448257446289,242.82000732421875,576.1300048828125,60274.5
2024-10-11,98.87464141845703,245.47000122070312,579.5800170898438,62445.08984375
2024-10-14,98.78520965576172,245.07000732421875,584.3200073242188,66046.125
2024-10-15,99.18269348144531,245.9199981689453,579.780029296875,67041.109375
2024-10-16,99.31187438964844,247.14999389648438,582.2999877929688,67612.71875
2024-10-17,98.82495880126953,248.6300048828125,582.3499755859375,67399.8359375
2024-10-18,98.89451599121094,251.27000427246094,584.5900268554688,68418.7890625
2024-10-21,98.20885467529297,251.22000122070312,583.6300048828125,67367.8515625
2024-10-22,98.22872161865234,253.92999267578125,583.3200073242188,67361.40625
2024-10-23,97.98030090332031,250.8699951171875,577.989990234375,66432.1953125
2024-10-24,98.16910552978516,252.8000030517578,579.239990234375,68161.0546875
2024-10-25,97.9703598022461,253.32000732421875,579.0399780273438,66642.4140625
2024-10-28,97.81137084960938,253.3300018310547,580.8300170898438,69907.7578125
2024-10-29,97.9206771850586,256.0899963378906,581.77001953125,72720.4921875
2024-10-30,97.8213119506836,257.5,580.010009765625,72339.5390625
2024-10-31,97.80142974853516,253.50999450683594,568.6400146484375,70215.1875
2024-11-01,97.41265869140625,252.47000122070312,571.0399780273438,69482.46875
2024-11-04,97.82136535644531,252.8300018310547,569.8099975585938,67811.5078125
2024-11-05,98.05064392089844,253.39999389648438,576.7000122070312,69359.5625
2024-11-06,97.2830581665039,245.6999969482422,591.0399780273438,75639.078125
2024-11-07,98.02073669433594,249.64999389648438,595.6099853515625,75904.859375
2024-11-08,98.19020080566406,247.9600067138672,598.1900024414062,76545.4765625
2024-11-11,97.97089385986328,242.13999938964844,598.760009765625,88701.484375
2024-11-12,97.4026870727539,240.0500030517578,596.9000244140625,87955.8125
2024-11-13,97.38275146484375,237.6300048828125,597.1900024414062,90584.1640625
2024-11-14,97.34288024902344,237.00999450683594,593.3499755859375,87250.4296875
2024-11-15,97.35284423828125,236.58999633789062,585.75,91066.0078125
2024-11-18,97.44255828857422,241.08999633789062,588.1500244140625,90542.640625
2024-11-19,97.58212280273438,243.25,590.2999877929688,92343.7890625
2024-11-20,97.48243713378906,244.6199951171875,590.5,94339.4921875
2024-11-21,97.43258666992188,246.66000366210938,593.6699829101562,98504.7265625
2024-11-22,97.50237274169922,249.83999633789062,595.510009765625,98997.6640625
2024-11-25,98.37960815429688,242.47999572753906,597.530029296875,93102.296875
2024-11-26,98.2300796508789,242.9499969482422,600.6500244140625,91985.3203125
2024-11-27,98.49922180175781,243.49000549316406,598.8300170898438,95962.53125
2024-11-29,98.88800048828125,245.58999633789062,602.5499877929688,97461.5234375
2024-12-02,98.9000015258789,243.44000244140625,603.6300048828125,95865.3046875
2024-12-03,98.70999908447266,243.92999267578125,603.9099731445312,96002.1640625
2024-12-04,99.02999877929688,244.6699981689453,607.6599731445312,98768.53125
2024-12-05,99.05000305175781,242.86000061035156,606.6599731445312,96593.5703125
2024-12-06,99.33000183105469,242.9499969482422,607.8099975585938,99920.7109375
2024-12-09,99.04000091552734,245.36000061035156,604.6799926757812,97432.71875
2024-12-10,98.91999816894531,248.58999633789062,602.7999877929688,96675.4296875
2024-12-11,98.84089660644531,251.22999572753906,608.1500244140625,100296.78125
