Date,AGG,GLD,SPY,BTC-USD
2021-12-02,104.79800415039062,165.24000549316406,437.6799621582031,56477.81640625
2021-12-03,105.2186279296875,166.6300048828125,433.8715515136719,53598.24609375
2021-12-06,104.85289001464844,166.22000122070312,439.01007080078125,50582.625
2021-12-07,104.68830871582031,166.80999755859375,448.0909423828125,50700.0859375
2021-12-08,104.41397094726562,166.89999389648438,449.2774353027344,50504.796875
2021-12-09,104.42312622070312,165.8800048828125,446.2441711425781,47672.12109375
2021-12-10,104.45053100585938,166.5800018310547,450.44488525390625,47243.3046875
2021-12-13,104.81629180908203,167.0,446.45465087890625,46737.48046875
2021-12-14,104.61514282226562,165.44000244140625,443.383056640625,46612.6328125
2021-12-15,104.5328369140625,166.14999389648438,450.3108825683594,48896.72265625
2021-12-16,104.67655944824219,168.16000366210938,446.33984375,47665.42578125
2021-12-17,104.8046875,167.8000030517578,441.5894775390625,46202.14453125
2021-12-20,104.64908599853516,167.08999633789062,436.89385986328125,46880.27734375
2021-12-21,104.56670379638672,167.02000427246094,444.6526794433594,48936.61328125
2021-12-22,104.65825653076172,168.58999633789062,449.0986328125,48628.51171875
2021-12-23,104.53010559082031,168.97000122070312,451.8929748535156,50784.5390625
2021-12-27,104.58502197265625,169.3699951171875,458.28826904296875,50640.41796875
2021-12-28,104.53926086425781,168.63999938964844,457.91375732421875,47588.85546875
2021-12-29,104.22804260253906,168.58999633789062,458.49945068359375,46444.7109375
2021-12-30,104.4568862915039,169.8000030517578,457.23199462890625,47178.125
2021-12-31,104.4202651977539,170.9600067138672,456.0796203613281,46306.4453125
2022-01-03,103.70629119873047,168.3300018310547,458.7203063964844,46458.1171875
2022-01-04,103.69715881347656,169.57000732421875,458.5666809082031,45897.57421875
2022-01-05,103.37679290771484,169.05999755859375,449.76123046875,43569.00390625
2022-01-06,103.26696014404297,166.99000549316406,449.3387451171875,43160.9296875
2022-01-07,102.96488189697266,167.75,447.562255859375,41557.90234375
2022-01-10,102.87334442138672,168.25999450683594,447.00531005859375,41821.26171875
2022-01-11,103.0655746459961,170.2899932861328,451.0767517089844,42735.85546875
2022-01-12,103.0655746459961,170.74000549316406,452.2962341308594,43949.1015625
2022-01-13,103.24866485595703,170.16000366210938,446.064208984375,42591.5703125
2022-01-14,102.67198944091797,169.6699981689453,446.2467041015625,43099.69921875
2022-01-18,102.0495834350586,169.38999938964844,438.3438415527344,42375.6328125
2022-01-19,102.26925659179688,172.0800018310547,433.792236328125,41744.328125
2022-01-20,102.32415771484375,171.64999389648438,428.99102783203125,40680.41796875
2022-01-21,102.7269058227539,171.08999633789062,420.5696716308594,36457.31640625
2022-01-24,102.60790252685547,172.02999877929688,422.35565185546875,36654.328125
2022-01-25,102.50721740722656,172.5800018310547,417.19921875,36954.00390625
2022-01-26,101.93057250976562,169.7899932861328,416.15252685546875,36852.12109375
2022-01-27,102.26925659179688,167.60000610351562,414.0975646972656,37138.234375
2022-01-28,102.34246826171875,167.10000610351562,424.3818054199219,37784.33203125
2022-01-31,102.33332824707031,168.08999633789062,432.0254211425781,38483.125
2022-02-01,102.29755401611328,168.22999572753906,434.944580078125,38743.2734375
2022-02-02,102.40756225585938,168.83999633789062,439.169677734375,36952.984375
2022-02-03,101.99507141113281,168.60000610351562,428.8469543457031,37154.6015625
2022-02-04,101.35343933105469,168.86000061035156,430.86346435546875,41500.875
2022-02-07,101.44507598876953,170.11000061035156,429.4807434082031,43840.28515625
2022-02-08,101.13341522216797,170.6300048828125,433.0144348144531,44118.4453125
2022-02-09,101.19758605957031,171.2100067138672,439.35211181640625,44338.796875
2022-02-10,100.26260375976562,170.55999755859375,431.4588623046875,43565.11328125
2022-02-11,100.922607421875,173.80999755859375,422.9510192871094,42407.9375
2022-02-14,100.33596801757812,174.74000549316406,421.5683288574219,42586.91796875
2022-02-15,100.17094421386719,173.0800018310547,428.3669128417969,44575.203125
2022-02-16,100.29011535644531,174.86000061035156,428.8469543457031,43961.859375
2022-02-17,100.50096130371094,177.25,419.6861877441406,40538.01171875
2022-02-18,100.71176147460938,177.1199951171875,416.96868896484375,40030.9765625
2022-02-22,100.60177612304688,177.49000549316406,412.4940185546875,38286.02734375
2022-02-23,100.1526107788086,178.2899932861328,405.1768798828125,37296.5703125
2022-02-24,100.33596801757812,177.13999938964844,411.2744140625,38332.609375
2022-02-25,100.43678283691406,176.5500030517578,420.3487854003906,39214.21875
2022-02-28,101.16089630126953,178.3800048828125,419.2733154296875,43193.234375
2022-03-01,101.73101043701172,181.6199951171875,412.8876647949219,44354.63671875
2022-03-02,100.51005554199219,179.72999572753906,420.4832458496094,43924.1171875
2022-03-03,100.84972381591797,180.8000030517578,418.3898620605469,42451.7890625
2022-03-04,101.25364685058594,183.67999267578125,414.9906005859375,39137.60546875
2022-03-07,100.66613006591797,186.41000366210938,402.75701904296875,38062.0390625
2022-03-08,100.30812072753906,191.50999450683594,399.7033996582031,38737.26953125
2022-03-09,100.09697723388672,185.82000732421875,410.4198303222656,41982.92578125
2022-03-10,99.53701782226562,186.39999389648438,408.5665283203125,39437.4609375
2022-03-11,99.51866912841797,185.08999633789062,403.37158203125,38794.97265625
2022-03-14,98.55474853515625,182.3000030517578,400.42364501953125,39666.75390625
2022-03-15,98.77507781982422,178.88999938964844,409.2291259765625,39338.78515625
2022-03-16,98.8485336303711,180.00999450683594,418.3033752441406,41143.9296875
2022-03-17,99.0137710571289,180.88999938964844,423.5367431640625,40951.37890625
2022-03-18,99.23406982421875,179.3000030517578,428.1756896972656,41801.15625
2022-03-21,98.26103210449219,180.6699981689453,428.0505065917969,41077.99609375
2022-03-22,97.99481201171875,179.36000061035156,433.0593566894531,42358.80859375
2022-03-23,98.3987045288086,181.80999755859375,427.48211669921875,42892.95703125
2022-03-24,98.17839050292969,183.1300048828125,433.9261779785156,43960.93359375
2022-03-25,97.39812469482422,182.3800048828125,436.0453186035156,44348.73046875
2022-03-28,97.63680267333984,179.05999755859375,439.1469421386719,47128.00390625
2022-03-29,98.09579467773438,179.13999938964844,444.57952880859375,47465.73046875
2022-03-30,98.36199188232422,180.5800018310547,441.8343200683594,47062.6640625
2022-03-31,98.31609344482422,180.64999389648438,435.033935546875,45538.67578125
2022-04-01,98.14141845703125,179.5,436.266845703125,46281.64453125
2022-04-04,98.2241439819336,180.3699951171875,440.00421142578125,46622.67578125
2022-04-05,97.23123931884766,179.24000549316406,434.44635009765625,45555.9921875
2022-04-06,96.98301696777344,179.66000366210938,430.1022033691406,43206.73828125
2022-04-07,96.77156066894531,180.33999633789062,432.2694396972656,43503.84765625
2022-04-08,96.28433227539062,181.47000122070312,431.11358642578125,42287.6640625
2022-04-11,95.87059783935547,182.3699951171875,423.7449035644531,39521.90234375
2022-04-12,96.17399597167969,183.77000427246094,422.1748046875,40127.18359375
2022-04-13,96.36707305908203,184.64999389648438,427.01019287109375,41166.73046875
2022-04-14,95.58560180664062,184.0399932861328,421.69317626953125,39935.515625
2022-04-18,95.29141998291016,184.61000061035156,421.8666076660156,40826.21484375
2022-04-19,94.71220397949219,181.82000732421875,428.6766052246094,41502.75
2022-04-20,95.254638671875,182.7100067138672,428.3587646484375,41374.37890625
2022-04-21,94.73060607910156,182.05999755859375,421.9532165527344,40527.36328125
2022-04-22,94.63865661621094,180.2899932861328,410.3752136230469,39740.3203125
2022-04-25,95.27302551269531,177.0500030517578,412.75439453125,40458.30859375
2022-04-26,95.56722259521484,177.32000732421875,400.8006591796875,38117.4609375
2022-04-27,95.18108367919922,175.97999572753906,401.9276428222656,39241.12109375
2022-04-28,95.14430236816406,176.92999267578125,412.0801086425781,39773.828125
2022-04-29,94.57430267333984,176.91000366210938,396.8514404296875,38609.82421875
2022-05-02,94.0594711303711,173.6300048828125,399.240234375,38529.328125
2022-05-03,94.27131652832031,174.08999633789062,401.0704345703125,37750.453125
2022-05-04,94.879150390625,175.8000030517578,413.2842102050781,39698.37109375
2022-05-05,93.93976593017578,175.1300048828125,398.5949401855469,36575.140625
2022-05-06,93.5437240600586,175.4199981689453,396.2156677246094,36040.921875
2022-05-09,94.00423431396484,172.8800048828125,383.5299987792969,30296.953125
2022-05-10,94.28971862792969,171.4199981689453,384.4161376953125,31022.90625
2022-05-11,94.63970947265625,172.82000732421875,378.30926513671875,28936.35546875
2022-05-12,94.81468200683594,170.1699981689453,377.914306640625,29047.751953125
2022-05-13,94.40945434570312,168.7899932861328,386.949462890625,29283.103515625
2022-05-16,94.62129974365234,170.39999389648438,385.3793640136719,29862.91796875
2022-05-17,94.10554504394531,169.3300018310547,393.3067321777344,30425.857421875
2022-05-18,94.48314666748047,169.4199981689453,377.45196533203125,28720.271484375
2022-05-19,94.72260284423828,171.91000366210938,375.14019775390625,30314.333984375
2022-05-20,95.00809478759766,172.02999877929688,375.3039245605469,29200.740234375
2022-05-23,94.69495391845703,172.8300018310547,382.325927734375,29098.91015625
2022-05-24,95.42253112792969,174.1300048828125,379.4073791503906,29655.5859375
2022-05-25,95.81855773925781,173.0800018310547,382.75933837890625,29562.361328125
2022-05-26,95.74488830566406,172.75999450683594,390.4074401855469,29267.224609375
2022-05-27,95.90142822265625,172.85000610351562,399.9916076660156,28627.57421875
2022-05-31,95.2936019897461,171.13999938964844,397.74725341796875,31792.310546875
2022-06-01,94.90240478515625,172.22999572753906,394.5300598144531,29799.080078125
2022-06-02,95.0223617553711,174.35000610351562,402.0432434082031,30467.48828125
2022-06-03,94.8655014038086,172.5800018310547,395.44512939453125,29704.390625
2022-06-06,94.28423309326172,171.82000732421875,396.649169921875,31370.671875
2022-06-07,94.64405822753906,172.94000244140625,400.453857421875,31155.478515625
2022-06-08,94.25653839111328,172.77999877929688,396.1001281738281,30214.35546875
2022-06-09,94.15507507324219,172.22999572753906,386.6796875,30111.998046875
2022-06-10,93.42619323730469,174.5399932861328,375.4676818847656,29083.8046875
2022-06-13,91.89460754394531,169.92999267578125,361.2118835449219,22487.388671875
2022-06-14,91.3502426147461,168.57000732421875,360.1234130859375,22206.79296875
2022-06-15,92.36512756347656,170.77000427246094,365.2574768066406,22572.83984375
2022-06-16,92.58658599853516,172.69000244140625,353.16888427734375,20381.650390625
2022-06-17,92.57735443115234,171.27000427246094,353.93023681640625,20471.482421875
2022-06-21,92.20832061767578,170.6300048828125,362.8398742675781,20710.59765625
2022-06-22,92.9925308227539,171.30999755859375,362.1820983886719,19987.029296875
2022-06-23,93.38005065917969,170.25999450683594,365.7324523925781,21085.876953125
2022-06-24,93.23243713378906,170.08999633789062,377.3604431152344,21231.65625
2022-06-27,92.81725311279297,169.89999389648438,375.9190673828125,20735.478515625
2022-06-28,92.85415649414062,169.6199951171875,368.2379150390625,20280.634765625
2022-06-29,93.3892822265625,169.49000549316406,367.9381103515625,20104.0234375
2022-06-30,93.81369018554688,168.4600067138672,364.9488220214844,19784.7265625
2022-07-01,94.59567260742188,168.32000732421875,368.8087158203125,19269.3671875
2022-07-05,94.77129364013672,164.75,369.5052490234375,20190.115234375
2022-07-06,94.13352966308594,162.13999938964844,370.753173828125,20548.24609375
2022-07-07,93.92089080810547,162.22999572753906,376.3059997558594,21637.587890625
2022-07-08,93.5696792602539,162.3000030517578,375.9964904785156,21731.1171875
2022-07-11,94.00411224365234,161.42999267578125,371.70123291015625,19970.556640625
2022-07-12,94.13352966308594,160.8300018310547,368.4120788574219,19323.9140625
2022-07-13,94.47551727294922,161.60000610351562,366.477294921875,20212.07421875
2022-07-14,94.14274597167969,159.3300018310547,365.5872802734375,20569.919921875
2022-07-15,94.51248168945312,159.00999450683594,372.5718688964844,20836.328125
2022-07-18,94.20744323730469,159.16000366210938,369.4955749511719,22485.689453125
2022-07-19,94.07805633544922,159.5399932861328,379.4790344238281,23389.43359375
2022-07-20,94.01335144042969,158.0399932861328,381.8975524902344,23231.732421875
2022-07-21,94.79901123046875,160.27000427246094,385.7864990234375,23164.62890625
2022-07-22,95.53846740722656,160.6699981689453,382.20709228515625,22714.978515625
2022-07-25,95.18722534179688,160.22999572753906,382.67144775390625,21361.701171875
2022-07-26,95.16876220703125,160.0399932861328,378.14410400390625,21239.75390625
2022-07-27,95.50151824951172,161.6699981689453,387.963134765625,22930.548828125
2022-07-28,96.1855239868164,163.63999938964844,392.82904052734375,23843.88671875
2022-07-29,96.19476318359375,164.10000610351562,398.5559997558594,23804.6328125
2022-08-01,96.52816009521484,165.02999877929688,397.37579345703125,23314.19921875
2022-08-02,95.53721618652344,164.0500030517578,394.7541809082031,22978.1171875
2022-08-03,95.96321868896484,164.4499969482422,400.9358215332031,22846.5078125
2022-08-04,96.19473266601562,167.1699981689453,400.6650390625,22630.95703125
2022-08-05,95.1204605102539,165.2899932861328,399.9877624511719,23289.314453125
2022-08-08,95.55575561523438,166.69000244140625,399.5234375,23809.486328125
2022-08-09,95.34272766113281,167.1999969482422,397.93695068359375,23164.318359375
2022-08-10,95.58350372314453,166.77999877929688,406.295166015625,23947.642578125
2022-08-11,95.07418823242188,166.33999633789062,406.295166015625,23957.529296875
2022-08-12,95.50015258789062,167.8699951171875,413.17333984375,24402.818359375
2022-08-15,95.62055969238281,165.7100067138672,414.8759765625,24136.97265625
2022-08-16,95.48165130615234,165.4199981689453,415.6885681152344,23883.291015625
2022-08-17,94.91670989990234,164.35000610351562,412.7380065917969,23335.998046875
2022-08-18,95.1204605102539,163.9199981689453,413.9375915527344,23212.73828125
2022-08-19,94.45368957519531,162.72000122070312,408.3751220703125,20877.552734375
2022-08-22,94.04619598388672,161.63999938964844,399.8717041015625,21398.908203125
2022-08-23,94.00914001464844,162.77000427246094,398.9043273925781,21528.087890625
2022-08-24,93.75906372070312,163.25,400.1812744140625,21395.01953125
2022-08-25,94.27770233154297,163.75,405.83087158203125,21600.904296875
2022-08-26,94.10173797607422,161.75999450683594,392.0938720703125,20260.01953125
2022-08-29,93.64796447753906,161.86000061035156,389.5012512207031,20297.994140625
2022-08-30,93.7683334350586,160.50999450683594,385.22540283203125,19796.80859375
2022-08-31,93.26824951171875,159.27000427246094,382.294189453125,20049.763671875
2022-09-01,92.8636474609375,157.8699951171875,383.4937744140625,20127.140625
2022-09-02,93.13276672363281,159.25999450683594,379.4500427246094,19969.771484375
2022-09-06,92.26046752929688,158.3300018310547,378.0182800292969,18837.66796875
2022-09-07,92.90074920654297,159.94000244140625,384.8094177246094,19290.32421875
2022-09-08,92.60380554199219,158.97999572753906,387.3246765136719,19329.833984375
2022-09-09,92.59453582763672,159.82000732421875,393.341796875,21381.15234375
2022-09-12,92.45533752441406,160.6300048828125,397.5693054199219,22370.44921875
2022-09-13,91.93567657470703,158.5399932861328,380.28204345703125,20296.70703125
2022-09-14,92.0562973022461,157.92999267578125,381.733154296875,20241.08984375
2022-09-15,91.77791595458984,154.97999572753906,377.3991394042969,19701.2109375
2022-09-16,91.71295928955078,155.83999633789062,374.5199890136719,19772.583984375
2022-09-19,91.57373809814453,155.9600067138672,377.4244384765625,19544.12890625
2022-09-20,91.16544342041016,155.07000732421875,373.09210205078125,18890.7890625
2022-09-21,91.45313262939453,155.7899932861328,366.583984375,18547.400390625
2022-09-22,90.47871398925781,155.6999969482422,363.50469970703125,19413.55078125
2022-09-23,90.2003173828125,153.00999450683594,357.4142761230469,19297.638671875
2022-09-26,89.04035186767578,151.22999572753906,353.8785400390625,19222.671875
2022-09-27,88.65987396240234,151.5399932861328,352.97515869140625,19110.546875
2022-09-28,90.0889663696289,154.69000244140625,359.9203796386719,19426.720703125
2022-09-29,89.61568450927734,154.66000366210938,352.4020690917969,19573.05078125
2022-09-30,89.40225982666016,154.6699981689453,346.95263671875,19431.7890625
2022-10-03,90.12861633300781,158.42999267578125,356.11260986328125,19623.580078125
2022-10-04,90.37042999267578,160.6999969482422,367.14739990234375,20336.84375
2022-10-05,89.89611053466797,159.80999755859375,366.2925720214844,20160.716796875
2022-10-06,89.54269409179688,159.6300048828125,362.51397705078125,19955.443359375
2022-10-07,89.06838989257812,157.8800048828125,352.4020690917969,19546.849609375
2022-10-10,88.66847229003906,155.47999572753906,349.7113037109375,19141.484375
2022-10-11,88.72428131103516,155.16000366210938,347.4966125488281,19051.41796875
2022-10-12,88.79866027832031,155.99000549316406,346.35040283203125,19157.4453125
2022-10-13,88.51966857910156,154.91000366210938,355.490966796875,19382.904296875
2022-10-14,88.03605651855469,152.97999572753906,347.3897705078125,19185.65625
2022-10-17,88.2220687866211,153.4199981689453,356.31658935546875,19550.7578125
2022-10-18,88.37086486816406,153.75,360.5032653808594,19334.416015625
2022-10-19,87.60823059082031,151.69000244140625,357.94854736328125,19139.53515625
2022-10-20,87.078125,151.4499969482422,354.947021484375,19053.740234375
2022-10-21,87.20832061767578,154.14999389648438,363.5727233886719,19172.46875
2022-10-24,87.08741760253906,153.64999389648438,368.02154541015625,19345.572265625
2022-10-25,87.94305419921875,154.0,373.8983459472656,20095.857421875
2022-10-26,88.33367919921875,154.97999572753906,371.08135986328125,20770.44140625
2022-10-27,88.78008270263672,154.74000549316406,369.0998229980469,20285.8359375
2022-10-28,88.55683898925781,153.16000366210938,377.8809509277344,20595.3515625
2022-10-31,88.25926208496094,151.91000366210938,375.1514587402344,20495.7734375
2022-11-01,88.42330932617188,153.4600067138672,373.50982666015625,20485.2734375
2022-11-02,88.274169921875,152.38999938964844,364.1360778808594,20159.50390625
2022-11-03,87.94793701171875,151.80999755859375,360.38665771484375,20209.98828125
2022-11-04,87.93861389160156,156.47000122070312,365.5737609863281,21147.23046875
2022-11-07,87.6589584350586,155.85000610351562,369.0706787109375,20602.81640625
2022-11-08,88.03182220458984,159.4499969482422,371.06195068359375,18541.271484375
2022-11-09,88.13436126708984,158.64999389648438,363.41729736328125,15880.7802734375
2022-11-10,90.02659606933594,163.47999572753906,383.38861083984375,17586.771484375
2022-11-11,89.96134948730469,164.55999755859375,387.0992431640625,17034.29296875
2022-11-14,89.70967864990234,164.9199981689453,383.8063049316406,16618.19921875
2022-11-15,90.37149047851562,165.5,387.07977294921875,16884.61328125
2022-11-16,90.93081665039062,165.1199951171875,384.1268310546875,16669.439453125
2022-11-17,90.5486068725586,163.9199981689453,382.9514465332031,16687.517578125
2022-11-18,90.41810607910156,162.7899932861328,384.69024658203125,16697.77734375
2022-11-21,90.36217498779297,161.8800048828125,383.2914733886719,15787.2841796875
2022-11-22,90.82826232910156,162.07000732421875,388.44940185546875,16189.76953125
2022-11-23,91.36888885498047,163.0800018310547,390.89727783203125,16610.70703125
2022-11-25,91.3875503540039,163.22000122070312,390.80987548828125,16521.841796875
2022-11-28,91.2384033203125,161.92999267578125,384.57366943359375,16217.322265625
2022-11-29,90.91213989257812,162.72999572753906,383.9131774902344,16444.982421875
2022-11-30,91.62057495117188,164.80999755859375,396.0066833496094,17168.56640625
2022-12-01,92.38296508789062,167.83999633789062,395.71527099609375,16967.1328125
2022-12-02,92.76602935791016,167.25999450683594,395.2587585449219,17088.66015625
2022-12-05,92.03727722167969,164.38999938964844,388.1482849121094,16974.826171875
2022-12-06,92.30821228027344,164.83999633789062,382.55322265625,17089.50390625
2022-12-07,93.13040161132812,166.3300018310547,381.9024353027344,16848.126953125
2022-12-08,92.85009002685547,166.47000122070312,384.8942565917969,17233.474609375
2022-12-09,92.29887390136719,167.05999755859375,382.01904296875,17133.15234375
2022-12-12,92.31755828857422,165.67999267578125,387.526611328125,17206.4375
2022-12-13,92.93418884277344,168.50999450683594,390.46014404296875,17781.318359375
2022-12-14,93.13972473144531,168.10000610351562,387.9637451171875,17815.650390625
2022-12-15,93.27645111083984,165.35000610351562,378.47344970703125,17364.865234375
2022-12-16,93.03299713134766,166.7899932861328,374.0052185058594,16647.484375
2022-12-19,92.46178436279297,166.32000732421875,370.8337707519531,16439.6796875
2022-12-20,91.8343734741211,169.0800018310547,371.3411560058594,16906.3046875
2022-12-21,92.08720397949219,168.8000030517578,376.8936462402344,16817.53515625
2022-12-22,92.0591049194336,166.75999450683594,371.5168151855469,16830.341796875
2022-12-23,91.7407455444336,167.25999450683594,373.6539001464844,16796.953125
2022-12-27,91.07588195800781,168.6699981689453,372.18035888671875,16717.173828125
2022-12-28,90.91669464111328,167.91000366210938,367.55499267578125,16552.572265625
2022-12-29,91.25377655029297,168.85000610351562,374.17108154296875,16642.341796875
2022-12-30,90.82302856445312,169.63999938964844,373.1855163574219,16602.5859375
2023-01-03,91.35678100585938,171.05999755859375,371.61444091796875,16679.857421875
2023-01-04,91.86246490478516,172.6699981689453,374.4833679199219,16863.23828125
2023-01-05,91.78755187988281,170.52000427246094,370.209228515625,16836.736328125
2023-01-06,92.78949737548828,173.7100067138672,378.6989440917969,16951.96875
2023-01-09,93.02360534667969,174.10000610351562,378.4842224121094,17196.5546875
2023-01-10,92.66777038574219,174.74000549316406,381.13848876953125,17446.29296875
2023-01-11,93.2389907836914,174.6199951171875,385.95904541015625,17934.896484375
2023-01-12,93.91321563720703,176.63999938964844,387.3642272949219,18869.587890625
2023-01-13,93.56675720214844,178.75999450683594,388.8670349121094,19909.57421875
2023-01-17,93.3981704711914,177.58999633789062,388.1546936035156,21161.51953125
2023-01-18,94.32524108886719,177.0800018310547,382.0265197753906,20688.78125
2023-01-19,94.10986328125,179.88999938964844,379.2453918457031,21086.79296875
2023-01-20,93.7259292602539,179.2899932861328,386.31036376953125,22676.552734375
2023-01-23,93.49182891845703,179.6300048828125,390.9455261230469,22934.431640625
2023-01-24,93.90384674072266,180.27999877929688,390.5259704589844,22636.46875
2023-01-25,94.01622772216797,181.11000061035156,390.6723327636719,23117.859375
2023-01-26,93.85702514648438,179.47000122070312,394.9659423828125,23032.77734375
2023-01-27,93.71659088134766,179.22000122070312,395.8734436035156,23078.728515625
2023-01-30,93.46372985839844,178.75999450683594,390.906494140625,22840.138671875
2023-01-31,93.84765625,179.41000366210938,396.6541442871094,23139.283203125
2023-02-01,94.50944519042969,181.6699981689453,400.86968994140625,23723.76953125
2023-02-02,94.61270904541016,177.89999389648438,406.7052001953125,23471.87109375
2023-02-03,93.7021713256836,173.4600067138672,402.3822326660156,23449.322265625
2023-02-06,93.1858901977539,173.82000732421875,399.92315673828125,22760.109375
2023-02-07,93.02629852294922,173.97999572753906,405.153564453125,23264.291015625
2023-02-08,93.15769958496094,174.41000366210938,400.7233581542969,22939.3984375
2023-02-09,92.79161834716797,173.02999877929688,397.2493591308594,21819.0390625
2023-02-10,92.38798522949219,173.36000061035156,398.1764221191406,21651.18359375
2023-02-13,92.66958618164062,172.47999572753906,402.8506164550781,21808.1015625
2023-02-14,92.34103393554688,172.61000061035156,402.6652526855469,22220.8046875
2023-02-15,92.1626968383789,170.88999938964844,403.9728698730469,24307.841796875
2023-02-16,91.7778091430664,170.75,398.41058349609375,23623.474609375
2023-02-17,91.99370574951172,171.25999450683594,397.415283203125,24565.6015625
2023-02-21,91.1301040649414,170.6199951171875,389.4427795410156,24436.353515625
2023-02-22,91.37415313720703,169.66000366210938,388.9061279296875,24188.84375
2023-02-23,91.70272064208984,169.57000732421875,390.9748229980469,23947.4921875
2023-02-24,91.17704010009766,168.35000610351562,386.79827880859375,23198.126953125
2023-02-27,91.35538482666016,169.00999450683594,388.1156921386719,23522.87109375
2023-02-28,91.34600067138672,169.77999877929688,386.6811828613281,23147.353515625
2023-03-01,90.82282257080078,170.75999450683594,385.19793701171875,23646.55078125
2023-03-02,90.63463592529297,170.66000366210938,388.1937255859375,23475.466796875
2023-03-03,91.34976959228516,172.49000549316406,394.41949462890625,22362.6796875
2023-03-06,91.12394714355469,171.6199951171875,394.6927185058594,22429.7578125
2023-03-07,91.00160217285156,168.6199951171875,388.6426086425781,22219.76953125
2023-03-08,90.90750885009766,168.5399932861328,389.2768859863281,21718.080078125
2023-03-09,91.23685455322266,170.1999969482422,382.09478759765625,20363.021484375
2023-03-10,92.3001480102539,173.8699951171875,376.58135986328125,20187.244140625
2023-03-13,93.03411102294922,177.86000061035156,376.04461669921875,24197.533203125
2023-03-14,92.48835754394531,176.8300018310547,382.2607116699219,24746.07421875
2023-03-15,93.41051483154297,178.2100067138672,379.8699035644531,24375.9609375
2023-03-16,93.04352569580078,178.57000732421875,386.5348205566406,25052.7890625
2023-03-17,93.6269302368164,183.77000427246094,382.0151672363281,27423.9296875
2023-03-20,93.25053405761719,183.83999633789062,385.6884765625,27767.236328125
2023-03-21,92.96822357177734,180.3699951171875,390.7527770996094,28175.81640625
2023-03-22,93.8621597290039,183.44000244140625,384.091796875,27307.4375
2023-03-23,94.08799743652344,185.74000549316406,385.130126953125,28333.97265625
2023-03-24,94.24797821044922,183.64999389648438,387.65740966796875,27493.28515625
2023-03-27,93.23172760009766,181.9499969482422,388.38226318359375,27139.888671875
2023-03-28,93.09056854248047,183.44000244140625,387.5104675292969,27268.130859375
2023-03-29,93.20348358154297,182.52999877929688,393.1429138183594,28348.44140625
2023-03-30,93.30699920654297,184.17999267578125,395.44482421875,28033.5625
2023-03-31,93.7586669921875,183.22000122070312,401.0184631347656,28478.484375
2023-04-03,94.16618347167969,184.5399932861328,402.54656982421875,27790.220703125
2023-04-04,94.51522064208984,187.97999572753906,400.313232421875,28168.08984375
2023-04-05,94.8359603881836,187.8300018310547,399.26507568359375,28177.984375
2023-04-06,94.75108337402344,186.49000549316406,400.8225402832031,28044.140625
2023-04-10,94.10013580322266,185.11000061035156,401.23394775390625,29652.98046875
2023-04-11,94.15676879882812,186.27999877929688,401.34173583984375,30235.05859375
2023-04-12,94.26997375488281,187.19000244140625,399.7058410644531,30139.052734375
2023-04-13,94.23223114013672,189.72000122070312,405.0150451660156,30399.06640625
2023-04-14,93.76996612548828,186.36000061035156,404.0257263183594,30485.69921875
2023-04-17,93.29830932617188,185.52999877929688,405.4754333496094,29445.044921875
2023-04-18,93.43035125732422,186.25,405.7398986816406,30397.552734375
2023-04-19,93.28887176513672,185.36000061035156,405.6713562011719,28822.6796875
2023-04-20,93.71337890625,186.08999633789062,403.45751953125,28245.98828125
2023-04-21,93.55299377441406,184.25,403.7709655761719,27276.91015625
2023-04-24,93.92093658447266,184.80999755859375,404.19219970703125,27525.33984375
2023-04-25,94.50580596923828,185.75,397.776123046875,28307.59765625
2023-04-26,94.15676879882812,184.74000549316406,396.09130859375,28422.701171875
2023-04-27,93.817138671875,184.75,403.9767150878906,29473.787109375
2023-04-28,94.29827880859375,184.8000030517578,407.4247131347656,29340.26171875
2023-05-01,93.33267974853516,183.97000122070312,407.0133056640625,28091.568359375
2023-05-02,94.24058532714844,187.52000427246094,402.4388427734375,28680.537109375
2023-05-03,94.65667724609375,189.11000061035156,399.67645263671875,29006.30859375
2023-05-04,94.54319763183594,190.44000244140625,396.8455810546875,28847.7109375
2023-05-05,94.24058532714844,187.4600067138672,404.19219970703125,29534.384765625
2023-05-08,93.72044372558594,187.69000244140625,404.2999267578125,27694.2734375
2023-05-09,93.63530731201172,189.02000427246094,402.5269470214844,27658.775390625
2023-05-10,94.24058532714844,188.75,404.40771484375,27621.755859375
2023-05-11,94.52428436279297,187.1300048828125,403.702392578125,27000.7890625
2023-05-12,93.99468994140625,186.80999755859375,403.1734619140625,26804.990234375
2023-05-15,93.75826263427734,187.2100067138672,404.5644226074219,27192.693359375
2023-05-16,93.5407485961914,184.8699951171875,401.8608703613281,27036.650390625
2023-05-17,93.39888763427734,184.22999572753906,406.73907470703125,27398.802734375
2023-05-18,92.96385955810547,181.83999633789062,410.6572265625,26832.208984375
2023-05-19,92.75582122802734,183.63999938964844,410.0596923828125,26890.12890625
2023-05-22,92.67066955566406,183.2100067138672,410.22625732421875,26851.27734375
2023-05-23,92.77471160888672,183.42999267578125,405.622314453125,27225.7265625
2023-05-24,92.53828430175781,181.9499969482422,402.6836853027344,26334.818359375
2023-05-25,92.19783020019531,180.1999969482422,406.1708984375,26476.20703125
2023-05-26,92.27347564697266,180.9199981689453,411.43109130859375,26719.291015625
2023-05-30,92.88819122314453,182.0399932861328,411.5877990722656,27702.349609375
2023-05-31,93.21920776367188,182.32000732421875,409.3054504394531,27219.658203125
2023-06-01,93.50176239013672,183.75999450683594,413.1943054199219,26819.97265625
2023-06-02,93.00868225097656,181.0500030517578,419.1695861816406,27249.58984375
2023-06-05,92.99922943115234,182.13999938964844,418.3663635253906,25760.09765625
2023-06-06,93.11299133300781,182.33999633789062,419.27728271484375,27238.783203125
2023-06-07,92.61994171142578,180.14999389648438,417.8275451660156,26345.998046875
2023-06-08,93.11299133300781,182.52999877929688,420.35479736328125,26508.216796875
2023-06-09,92.89492797851562,182.0399932861328,421.1090393066406,26480.375
2023-06-12,93.05610656738281,181.8800048828125,424.9292907714844,25902.5
2023-06-13,92.61994171142578,180.5399932861328,427.7308349609375,25918.728515625
2023-06-14,92.70527648925781,180.63999938964844,428.24017333984375,25124.67578125
2023-06-15,93.35003662109375,181.91000366210938,433.5493469238281,25576.39453125
2023-06-16,93.05610656738281,181.6300048828125,432.0726013183594,26327.462890625
2023-06-20,93.22679138183594,179.75,429.8309326171875,28327.48828125
2023-06-21,93.37850189208984,179.49000549316406,427.62860107421875,30027.296875
2023-06-22,92.89492797851562,177.7100067138672,429.1722106933594,29912.28125
2023-06-23,93.16988372802734,178.1999969482422,425.92767333984375,30695.46875
2023-06-26,93.28367614746094,178.50999450683594,424.18743896484375,30271.130859375
2023-06-27,93.10352325439453,177.69000244140625,428.837890625,30688.1640625
2023-06-28,93.37850189208984,177.27999877929688,429.05419921875,30086.24609375
2023-06-29,92.65786743164062,177.08999633789062,430.74530029296875,30445.3515625
2023-06-30,92.87594604492188,178.27000427246094,435.828369140625,30477.251953125
2023-07-03,92.76663208007812,178.47000122070312,436.329833984375,31156.439453125
2023-07-05,92.34832000732422,177.83999633789062,435.680908203125,30514.166015625
2023-07-06,91.7494125366211,177.30999755859375,432.2692565917969,29909.337890625
2023-07-07,91.76842498779297,178.63999938964844,431.1778869628906,30342.265625
2023-07-10,92.02510070800781,178.77999877929688,432.2692565917969,30414.470703125
2023-07-11,92.22473907470703,179.4499969482422,435.0221862792969,30620.951171875
2023-07-12,92.97577667236328,181.8800048828125,438.5223388671875,30391.646484375
2023-07-13,93.55567932128906,182.00999450683594,442.0028076171875,31476.048828125
2023-07-14,93.10887145996094,181.42999267578125,441.7275085449219,30334.068359375
2023-07-17,93.21343231201172,181.55999755859375,443.26129150390625,30145.888671875
2023-07-18,93.28948211669922,183.63999938964844,446.5550231933594,29856.5625
2023-07-19,93.5746841430664,183.6699981689453,447.5480041503906,29913.923828125
2023-07-20,93.08985137939453,182.74000549316406,444.5787353515625,29792.015625
2023-07-21,93.15637969970703,182.17999267578125,444.5787353515625,29908.744140625
2023-07-24,92.98527526855469,181.39999389648438,446.5648498535156,29176.916015625
2023-07-25,92.88069152832031,182.41000366210938,447.7839660644531,29227.390625
2023-07-26,93.18492126464844,183.3000030517578,447.8528137207031,29354.97265625
2023-07-27,92.38636779785156,180.4199981689453,444.8835754394531,29210.689453125
2023-07-28,92.74759674072266,181.86000061035156,449.23907470703125,29319.24609375
2023-07-31,92.8616943359375,182.35000610351562,450.0944519042969,29230.111328125
2023-08-01,92.2468490600586,180.4600067138672,448.8064880371094,29675.732421875
2023-08-02,92.027587890625,179.60000610351562,442.563232421875,29151.958984375
2023-08-03,91.40797424316406,179.5399932861328,441.2948913574219,29178.6796875
2023-08-04,92.16104888916016,180.19000244140625,439.2990417480469,29074.091796875
2023-08-07,92.18009948730469,179.77999877929688,443.13348388671875,29180.578125
2023-08-08,92.39935302734375,178.63999938964844,441.2064208984375,29765.4921875
2023-08-09,92.4660873413086,177.7899932861328,438.2568664550781,29561.494140625
2023-08-10,91.86553192138672,177.60000610351562,438.4141540527344,29429.591796875
2023-08-11,91.5795669555664,177.60000610351562,438.1585693359375,29397.71484375
2023-08-14,91.51282501220703,177.05999755859375,440.5771789550781,29408.443359375
2023-08-15,91.26498413085938,176.58999633789062,435.4449462890625,29170.34765625
2023-08-16,91.04572296142578,175.57000732421875,432.24957275390625,28701.779296875
2023-08-17,90.95042419433594,175.3000030517578,428.9559020996094,26664.55078125
2023-08-18,91.15060424804688,175.3300018310547,429.1623840332031,26049.556640625
2023-08-21,90.69302368164062,175.80999755859375,431.9546203613281,26124.140625
2023-08-22,90.78834533691406,176.10000610351562,430.78460693359375,26031.65625
2023-08-23,91.65582275390625,177.88999938964844,435.5826110839844,26431.640625
2023-08-24,91.44609832763672,177.85000610351562,429.54583740234375,26162.373046875
2023-08-25,91.38890075683594,177.6199951171875,432.57403564453125,26047.66796875
2023-08-28,91.5890884399414,178.1300048828125,435.317138671875,26106.150390625
2023-08-29,92.18009948730469,179.8699951171875,441.60955810546875,27727.392578125
2023-08-30,92.1419906616211,180.32000732421875,443.428466796875,27297.265625
2023-08-31,92.27543640136719,180.02000427246094,442.7795715332031,25931.47265625
2023-09-01,91.79752349853516,180.11000061035156,443.60540771484375,25800.724609375
2023-09-05,91.30047607421875,178.63999938964844,441.6882019042969,25779.982421875
2023-09-06,91.2144775390625,177.8300018310547,438.7189636230469,25753.236328125
2023-09-07,91.501220703125,178.02000427246094,437.3720397949219,26240.1953125
2023-09-08,91.54901885986328,178.0800018310547,438.03070068359375,25905.654296875
2023-09-11,91.44387817382812,178.41000366210938,440.9114990234375,25162.654296875
2023-09-12,91.47254180908203,177.49000549316406,438.4928283691406,25833.34375
2023-09-13,91.60636138916016,177.0800018310547,439.00408935546875,26228.32421875
2023-09-14,91.48212432861328,177.1699981689453,442.78936767578125,26539.673828125
2023-09-15,91.27181243896484,178.33999633789062,437.4544982910156,26608.693359375
2023-09-18,91.40562438964844,179.38999938964844,437.7110290527344,26754.28125
2023-09-19,91.13800811767578,179.22000122070312,436.80328369140625,27211.1171875
2023-09-20,91.09022521972656,179.35000610351562,432.7876281738281,27132.0078125
2023-09-21,90.46892547607422,178.0500030517578,425.6343688964844,26567.6328125
2023-09-22,90.85126495361328,178.6199951171875,424.67730712890625,26579.568359375
2023-09-25,90.13439178466797,177.6999969482422,426.4631652832031,26298.48046875
2023-09-26,90.01968383789062,176.27999877929688,420.1978454589844,26217.25
2023-09-27,89.70426940917969,174.10000610351562,420.3655700683594,26352.716796875
2023-09-28,89.97189331054688,173.22999572753906,422.8026428222656,27021.546875
2023-09-29,89.88587951660156,171.4499969482422,421.7764892578125,26911.720703125
2023-10-02,89.260009765625,169.64999389648438,421.6087646484375,27530.78515625
2023-10-03,88.56033325195312,169.16000366210938,415.965087890625,27429.978515625
2023-10-04,89.18333435058594,169.13999938964844,418.994140625,27799.39453125
2023-10-05,89.24082946777344,168.8300018310547,418.8362731933594,27415.912109375
2023-10-06,88.89578247070312,169.6999969482422,423.80902099609375,27946.59765625
2023-10-09,89.81591796875,172.82000732421875,426.5223388671875,27583.677734375
2023-10-10,89.72964477539062,172.52999877929688,428.7423095703125,27391.01953125
2023-10-11,90.14179229736328,173.7899932861328,430.49859619140625,26873.3203125
2023-10-12,89.36544036865234,173.25999450683594,427.8740539550781,26756.798828125
2023-10-13,89.7488021850586,178.8300018310547,425.7428894042969,26862.375
2023-10-16,89.25041961669922,177.9600067138672,430.2222900390625,28519.466796875
2023-10-17,88.6082534790039,178.2899932861328,430.2025451660156,28415.748046875
2023-10-18,88.19612884521484,180.8699951171875,424.4700622558594,28328.341796875
2023-10-19,87.86067962646484,183.08999633789062,420.74053955078125,28719.806640625
2023-10-20,88.1769790649414,183.58999633789062,415.5704345703125,29682.94921875
2023-10-23,88.52198791503906,182.97000122070312,414.85015869140625,33086.234375
2023-10-24,88.83828735351562,182.9499969482422,417.9778747558594,33901.52734375
2023-10-25,88.1769790649414,183.72000122070312,411.9789733886719,34502.8203125
2023-10-26,88.77120208740234,184.00999450683594,407.0456848144531,34156.6484375
2023-10-27,88.7424545288086,186.14999389648438,405.20062255859375,33909.80078125
2023-10-30,88.5315933227539,185.10000610351562,410.045166015625,34502.36328125
2023-10-31,88.47407531738281,184.08999633789062,412.6203308105469,34667.78125
2023-11-01,89.45174407958984,183.50999450683594,417.0208435058594,35437.25390625
2023-11-02,89.99009704589844,184.1199951171875,425.0127868652344,34938.2421875
2023-11-03,90.53805541992188,184.7899932861328,428.8902893066406,34732.32421875
2023-11-06,90.08623504638672,183.35000610351562,429.8769836425781,35037.37109375
2023-11-07,90.56688690185547,182.58999633789062,431.10040283203125,35443.5625
2023-11-08,90.87451934814453,180.77000427246094,431.4161682128906,35655.27734375
2023-11-09,90.11507415771484,181.49000549316406,428.0516357421875,36693.125
2023-11-10,90.32655334472656,179.50999450683594,434.7313232421875,37313.96875
2023-11-13,90.31694793701172,180.50999450683594,434.31695556640625,36502.35546875
2023-11-14,91.4513168334961,182.1199951171875,442.7430114746094,35537.640625
2023-11-15,90.88414001464844,181.63999938964844,443.6802978515625,37880.58203125
2023-11-16,91.38402557373047,183.69000244140625,444.2229919433594,36154.76953125
2023-11-17,91.56669616699219,183.6699981689453,444.7755126953125,36596.68359375
2023-11-20,91.71088409423828,183.3699951171875,448.1991882324219,37476.95703125
2023-11-21,91.8070068359375,185.35000610351562,447.2224426269531,35813.8125
2023-11-22,91.8935317993164,184.55999755859375,448.9490661621094,37432.33984375
2023-11-24,91.47054290771484,185.52000427246094,449.225341796875,37720.28125
2023-11-27,91.98966217041016,186.77000427246094,448.416259765625,37254.16796875
2023-11-28,92.3934326171875,189.25999450683594,448.86029052734375,37831.0859375
2023-11-29,92.8452377319336,189.5399932861328,448.54449462890625,37858.4921875
2023-11-30,92.5376205444336,188.75,450.3106384277344,37712.74609375
2023-12-01,93.35130310058594,192.00999450683594,452.9746398925781,38688.75
2023-12-04,92.99459838867188,187.86000061035156,450.5967712402344,41980.09765625
2023-12-05,93.61160278320312,187.14999389648438,450.50799560546875,44080.6484375
2023-12-06,93.85262298583984,187.83999633789062,448.6925354003906,43746.4453125
2023-12-07,93.88154602050781,188.14999389648438,452.1162414550781,43292.6640625
2023-12-08,93.40914916992188,185.63999938964844,454.0599365234375,44166.6015625
2023-12-11,93.4188003540039,183.58999633789062,455.8260803222656,41243.83203125
2023-12-12,93.69837188720703,183.49000549316406,457.9079284667969,41450.22265625
2023-12-13,94.87454986572266,187.6300048828125,464.2225341796875,42890.7421875
2023-12-14,95.64027404785156,188.72999572753906,465.71240234375,43023.97265625
2023-12-15,95.41791534423828,187.0,464.9455871582031,41929.7578125
2023-12-18,95.22453308105469,187.85000610351562,467.5609436035156,42623.5390625
2023-12-19,95.3405532836914,189.1300048828125,470.40411376953125,42270.52734375
2023-12-20,95.68862915039062,188.10000610351562,463.8856201171875,43652.25
2023-12-21,95.67894744873047,189.42999267578125,468.28411865234375,43869.15234375
2023-12-22,95.55326843261719,190.27000427246094,469.2252502441406,43997.90234375
2023-12-26,95.74663543701172,191.72000122070312,471.2065734863281,42520.40234375
2023-12-27,96.3557357788086,192.58999633789062,472.0585632324219,43442.85546875
2023-12-28,96.1430435180664,191.47000122070312,472.23687744140625,42627.85546875
2023-12-29,95.95934295654297,191.1699981689453,470.8697509765625,42099.40234375
2024-01-02,95.50492095947266,190.72000122070312,468.23455810546875,44957.96875
2024-01-03,95.55326843261719,189.1300048828125,464.4106750488281,42848.17578125
2024-01-04,95.16653442382812,189.32000732421875,462.9147644042969,44179.921875
2024-01-05,94.94415283203125,189.35000610351562,463.5487976074219,44162.69140625
2024-01-08,95.30188751220703,187.8699951171875,470.1663818359375,46970.50390625
2024-01-09,95.28255462646484,187.92999267578125,469.4530944824219,46139.73046875
2024-01-10,95.09883880615234,187.5,472.1080627441406,46627.77734375
2024-01-11,95.64027404785156,187.8699951171875,471.9000549316406,46368.5859375
2024-01-12,95.8143081665039,189.7100067138672,472.2269592285156,42853.16796875
2024-01-16,95.09883880615234,187.91000366210938,470.4932556152344,43154.9453125
2024-01-17,94.8377914428711,185.83999633789062,467.8779602050781,42742.65234375
2024-01-18,94.75078582763672,187.3699951171875,472.0387268066406,41262.05859375
2024-01-19,94.77011108398438,187.92999267578125,477.9232177734375,41618.40625
2024-01-22,94.94415283203125,187.22000122070312,478.9337158203125,39507.3671875
2024-01-23,94.71210479736328,187.9499969482422,480.3305358886719,39845.55078125
2024-01-24,94.49940490722656,186.39999389648438,480.8555908203125,40077.07421875
2024-01-25,94.9248275756836,187.13999938964844,483.4709167480469,39933.80859375
2024-01-26,94.81846618652344,187.00999450683594,482.8567199707031,41816.87109375
2024-01-29,95.1955337524414,188.3300018310547,486.68060302734375,43288.24609375
2024-01-30,95.37923431396484,188.58999633789062,486.30419921875,42952.609375
2024-01-31,95.8143081665039,188.4499969482422,478.3690185546875,42582.60546875
2024-02-01,96.36026763916016,190.41000366210938,484.6300048828125,43075.7734375
2024-02-02,95.47782135009766,188.61000061035156,489.7319030761719,43185.859375
2024-02-05,94.69235229492188,187.57000732421875,487.9486999511719,42658.66796875
2024-02-06,95.1869125366211,188.5500030517578,489.3653564453125,43084.671875
2024-02-07,94.99296569824219,188.5,493.44683837890625,44318.22265625
2024-02-08,94.7020492553711,188.3300018310547,493.664794921875,45301.56640625
2024-02-09,94.67295837402344,187.60000610351562,496.5179138183594,47147.19921875
2024-02-12,94.69235229492188,187.11000061035156,496.2999572753906,49958.22265625
2024-02-13,93.81961059570312,184.52999877929688,489.4643859863281,49742.44140625
2024-02-14,94.2365951538086,184.4199981689453,493.9124450683594,51826.6953125
2024-02-15,94.45962524414062,185.66000366210938,497.3203430175781,51938.5546875
2024-02-16,94.15901947021484,186.33999633789062,494.8436584472656,52160.203125
2024-02-20,94.24629211425781,187.47000122070312,492.119384765625,52284.875
2024-02-21,93.9650650024414,187.47999572753906,492.56512451171875,51839.1796875
2024-02-22,94.04265594482422,187.55999755859375,502.7590026855469,51304.97265625
2024-02-23,94.39173126220703,188.6199951171875,503.1057434082031,50731.94921875
2024-02-26,94.18809509277344,188.1999969482422,501.26312255859375,54522.40234375
2024-02-27,94.06204223632812,188.0,502.1943359375,57085.37109375
2024-02-28,94.24629211425781,188.33999633789062,501.5306091308594,62504.7890625
2024-02-29,94.40143585205078,189.30999755859375,503.3336181640625,61198.3828125
2024-03-01,94.85466003417969,192.88999938964844,508.05902099609375,62440.6328125
2024-03-04,94.62125396728516,196.00999450683594,507.51416015625,68330.4140625
2024-03-05,95.1366958618164,197.19000244140625,502.4420166015625,63801.19921875
2024-03-06,95.28260040283203,198.80999755859375,504.9880065917969,66106.8046875
2024-03-07,95.4868392944336,199.94000244140625,510.0007019042969,66925.484375
2024-03-08,95.57437133789062,201.6300048828125,506.93963623046875,68300.09375
2024-03-11,95.4673843383789,202.0,506.50372314453125,72123.90625
2024-03-12,95.2242431640625,199.7899932861328,511.9523620605469,71481.2890625
2024-03-13,95.0491714477539,201.19000244140625,511.1498718261719,73083.5
2024-03-14,94.44617462158203,200.35000610351562,510.1394348144531,71396.59375
2024-03-15,94.43644714355469,199.7100067138672,506.63653564453125,69403.7734375
2024-03-18,94.33919525146484,200.02999877929688,509.64752197265625,67548.59375
2024-03-19,94.57262420654297,199.8000030517578,512.479736328125,61912.7734375
2024-03-20,94.76713562011719,202.17999267578125,517.2198486328125,67913.671875
2024-03-21,94.83521270751953,201.97000122070312,518.9290771484375,65491.390625
2024-03-22,95.1366958618164,200.35000610351562,517.9452514648438,63778.76171875
2024-03-25,94.96163940429688,200.99000549316406,516.5142822265625,69958.8125
2024-03-26,95.05889129638672,201.63999938964844,515.560302734375,69987.8359375
2024-03-27,95.37012481689453,203.10000610351562,519.8929443359375,69455.34375
2024-03-28,95.25341796875,205.72000122070312,519.7935791015625,70744.953125
2024-04-01,94.56085205078125,207.82000732421875,518.8892822265625,69702.1484375
2024-04-02,94.49256134033203,210.88999938964844,515.590087890625,65446.97265625
2024-04-03,94.55108642578125,212.74000549316406,516.156494140625,65980.8125
2024-04-04,94.77545166015625,211.52000427246094,509.8562316894531,68508.84375
2024-04-05,94.30722045898438,215.13999938964844,515.1826782226562,67837.640625
2024-04-08,94.21942901611328,216.47999572753906,515.4707641601562,71631.359375
2024-04-09,94.54132843017578,217.6699981689453,516.0670776367188,69139.015625
2024-04-10,93.40979766845703,215.61000061035156,510.899658203125,70587.8828125
2024-04-11,93.42930603027344,219.8000030517578,514.7553100585938,70060.609375
2024-04-12,93.60489654541016,216.88999938964844,507.650146484375,67195.8671875
2024-04-15,93.03911590576172,220.9499969482422,501.2902526855469,63426.2109375
2024-04-16,92.77574920654297,221.22000122070312,500.3760070800781,63811.86328125
2024-04-17,93.20496368408203,219.58999633789062,497.4146728515625,61276.69140625
2024-04-18,92.94158172607422,220.33999633789062,496.3910827636719,63512.75390625
2024-04-19,93.03911590576172,221.02999877929688,492.05841064453125,63843.5703125
2024-04-22,93.09766387939453,215.57000732421875,496.58984375,66837.6796875
2024-04-23,93.29273986816406,215.0399932861328,502.4826965332031,66407.2734375
2024-04-24,93.04887390136719,214.63999938964844,502.24420166015625,64276.8984375
2024-04-25,92.78550720214844,215.9199981689453,500.33624267578125,64481.70703125
2024-04-26,92.9903564453125,216.6199951171875,505.0763854980469,63755.3203125
2024-04-29,93.27323913574219,216.17999267578125,506.8650817871094,63841.12109375
2024-04-30,92.89280700683594,211.8699951171875,498.8357238769531,60636.85546875
2024-05-01,93.22059631347656,213.7899932861328,497.2159423828125,58254.01171875
2024-05-02,93.64134979248047,213.1300048828125,501.8665771484375,59123.43359375
2024-05-03,94.1208267211914,212.9600067138672,508.08740234375,62889.8359375
2024-05-06,94.1893081665039,215.1999969482422,513.3343505859375,63161.94921875
2024-05-07,94.38500213623047,214.2100067138672,513.9007568359375,62334.81640625
2024-05-08,94.1893081665039,213.5800018310547,513.950439453125,61187.94140625
2024-05-09,94.36542510986328,216.9499969482422,516.9117431640625,63049.9609375
2024-05-10,94.16972351074219,218.7100067138672,517.57763671875,60792.77734375
2024-05-13,94.21865844726562,216.25999450683594,517.6470947265625,62901.44921875
2024-05-14,94.47306823730469,218.08999633789062,520.0221557617188,61552.7890625
2024-05-15,95.09929656982422,220.88999938964844,526.4616088867188,66267.4921875
2024-05-16,94.99166870117188,220.02999877929688,525.3783569335938,65231.58203125
2024-05-17,94.68833923339844,223.66000366210938,526.1336669921875,67051.875
2024-05-20,94.60027313232422,224.55999755859375,526.7398071289062,71448.1953125
2024-05-21,94.77639770507812,224.22999572753906,528.0316162109375,70136.53125
2024-05-22,94.65897369384766,220.11000061035156,526.5112915039062,69122.3359375
2024-05-23,94.39479064941406,215.72000122070312,522.66552734375,67929.5625
2024-05-24,94.5024185180664,215.9199981689453,526.1237182617188,68526.1015625
2024-05-28,94.06209564208984,218.19000244140625,526.4913940429688,68296.21875
2024-05-29,93.70006561279297,216.16000366210938,522.8046264648438,67578.09375
2024-05-30,94.14037322998047,216.57000732421875,519.33642578125,68364.9921875
2024-05-31,94.4437026977539,215.3000030517578,524.066650390625,67491.4140625
2024-06-03,95.01498413085938,217.22000122070312,524.4939575195312,68804.78125
2024-06-04,95.35852813720703,215.27000427246094,525.0802612304688,70567.765625
2024-06-05,95.65299224853516,217.82000732421875,531.3209228515625,71082.8203125
2024-06-06,95.68244171142578,219.42999267578125,531.3109741210938,70757.1640625
2024-06-07,94.83829498291016,211.60000610351562,530.6651000976562,69342.5859375
2024-06-10,94.75977325439453,213.5399932861328,532.3046875,69512.28125
2024-06-11,95.08369445800781,214.14999389648438,533.586669921875,67332.03125
2024-06-12,95.53520202636719,214.72000122070312,537.9690551757812,68241.1875
2024-06-13,96.01617431640625,212.97000122070312,539.0521850585938,66756.3984375
2024-06-14,96.11432647705078,215.72999572753906,539.3801879882812,66011.09375
2024-06-17,95.7707748413086,214.61000061035156,543.6730346679688,66490.296875
2024-06-18,96.11432647705078,215.47000122070312,545.0543823242188,65140.74609375
2024-06-20,95.94746398925781,218.16000366210938,543.5736694335938,64828.65625
2024-06-21,95.95728302001953,214.77999877929688,542.844970703125,64096.19921875
2024-06-24,96.03580474853516,215.6300048828125,541.080322265625,60277.4140625
2024-06-25,96.02599334716797,214.55999755859375,543.1640014648438,61804.640625
2024-06-26,95.59410095214844,212.5800018310547,543.8419189453125,60811.27734375
2024-06-27,95.75114440917969,214.99000549316406,544.6992797851562,61604.80078125
2024-06-28,95.27999877929688,215.00999450683594,542.5557861328125,60320.13671875
2024-07-01,94.76898956298828,215.57000732421875,543.6724243164062,62851.98046875
2024-07-02,95.08406066894531,215.55999755859375,547.3311767578125,62029.015625
2024-07-03,95.59606170654297,217.99000549316406,549.7737426757812,60173.921875
2024-07-05,96.07852172851562,220.92999267578125,552.9439697265625,56662.375
2024-07-08,96.10806274414062,218.19000244140625,553.58203125,56705.09765625
2024-07-09,96.01943969726562,218.55999755859375,554.120361328125,58009.2265625
2024-07-10,96.11791229248047,219.36000061035156,559.6035766601562,57742.49609375
2024-07-11,96.61021423339844,223.25,554.7783203125,57344.9140625
2024-07-12,96.87606048583984,223.11000061035156,558.277587890625,57899.46484375
2024-07-15,96.54129028320312,223.8300018310547,559.8129272460938,64870.15234375
2024-07-16,96.93512725830078,228.2899932861328,563.1326904296875,65097.1484375
2024-07-17,97.00405883789062,227.22999572753906,555.2369384765625,64118.79296875
2024-07-18,96.73822021484375,225.77999877929688,550.969970703125,63974.06640625
2024-07-19,96.54129028320312,221.72999572753906,547.3112182617188,66710.15625
2024-07-22,96.50189971923828,221.8000030517578,552.9539794921875,67585.25
2024-07-23,96.49205780029297,222.5800018310547,552.0866088867188,65927.671875
2024-07-24,96.19667053222656,221.8000030517578,539.574951171875,65372.1328125
2024-07-25,96.4625244140625,218.3300018310547,536.7635498046875,65777.2265625
2024-07-26,96.80713653564453,220.6300048828125,542.775146484375,67912.0625
2024-07-29,96.96468353271484,220.32000732421875,543.0941772460938,66819.9140625
2024-07-30,97.0631332397461,222.52000427246094,540.3425903320312,66201.015625
2024-07-31,97.58497619628906,226.5500030517578,549.1256713867188,64619.25
2024-08-01,97.99386596679688,225.77000427246094,541.3495483398438,65357.5
2024-08-02,99.09014892578125,225.33999633789062,531.2704467773438,61415.06640625
2024-08-05,99.01113891601562,222.47999572753906,515.7979125976562,53991.45703125
2024-08-06,98.41854858398438,220.6999969482422,520.5533447265625,56034.31640625
2024-08-07,98.12225341796875,220.5500030517578,517.073974609375,55027.4609375
2024-08-08,97.97411346435547,224.00999450683594,529.02734375,61710.13671875
2024-08-09,98.31978607177734,224.55999755859375,531.3601684570312,60880.11328125
2024-08-12,98.48768615722656,228.41000366210938,531.6393432617188,59354.515625
2024-08-13,98.88274383544922,228.05999755859375,540.3824462890625,60609.56640625
2024-08-14,99.0605239868164,226.1999969482422,542.0872802734375,58737.26953125
2024-08-15,98.64571380615234,226.91000366210938,551.3787841796875,57560.09765625
2024-08-16,98.88274383544922,231.99000549316406,552.614990234375,58894.10546875
2024-08-19,98.99138641357422,231.61000061035156,557.8987426757812,59493.453125
2024-08-20,99.28767395019531,232.4600067138672,556.9915771484375,59012.79296875
2024-08-21,99.47532653808594,232.14999389648438,558.9057006835938,61175.19140625
2024-08-22,99.07038879394531,229.3699951171875,554.5191040039062,60381.9140625
2024-08-23,99.52471160888672,232.02000427246094,560.4110717773438,64094.35546875
2024-08-26,99.43582916259766,232.75999450683594,559.0751342773438,62880.66015625
2024-08-27,99.4654541015625,233.38999938964844,559.8428344726562,59504.1328125
2024-08-28,99.3765640258789,231.75,556.5927734375,59027.625
2024-08-29,99.2481689453125,232.9499969482422,556.642578125,59388.1796875
2024-08-30,99.01113891601562,231.2899932861328,561.956298828125,59119.4765625
2024-09-03,99.74060821533203,230.2899932861328,550.3917846679688,57431.0234375
2024-09-04,100.17789459228516,230.42999267578125,549.2652587890625,57971.5390625
2024-09-05,100.43628692626953,232.35000610351562,547.9293212890625,56160.48828125
2024-09-06,100.56548309326172,230.6300048828125,538.7076416015625,53948.75390625
2024-09-09,100.71455383300781,231.60000610351562,544.7391357421875,57019.53515625
2024-09-10,101.02264404296875,232.6199951171875,547.11181640625,57648.7109375
2024-09-11,100.99283599853516,232.25,552.724609375,57343.171875
2024-09-12,100.90338897705078,236.3300018310547,557.38037109375,58127.01171875
2024-09-13,101.11209106445312,238.67999267578125,560.2914428710938,60571.30078125
2024-09-16,101.35061645507812,238.66000366210938,561.118896484375,58192.5078125
2024-09-17,101.251220703125,237.33999633789062,561.3482055664062,60308.5390625
2024-09-18,100.9332046508789,235.50999450683594,559.683349609375,61649.6796875
2024-09-19,100.9431381225586,239.1699981689453,569.2340087890625,62940.45703125
2024-09-20,100.85370635986328,242.2100067138672,568.25,63192.9765625
2024-09-23,100.8139419555664,242.67999267578125,569.6699829101562,63329.80078125
2024-09-24,100.95307922363281,246.07000732421875,571.2999877929688,64301.96875
2024-09-25,100.56548309326172,245.72999572753906,570.0399780273438,63143.14453125
2024-09-26,100.58536529541016,246.97999572753906,572.2999877929688,65181.01953125
2024-09-27,100.87357330322266,245.02000427246094,571.469970703125,65790.6640625
2024-09-30,100.64498901367188,243.05999755859375,573.760009765625,63329.5
2024-10-01,100.9111557006836,245.61000061035156,568.6199951171875,60837.0078125
2024-10-02,100.70181274414062,245.66000366210938,568.8599853515625,60632.78515625
2024-10-03,100.29310607910156,245.49000549316406,567.8200073242188,60759.40234375
2024-10-04,99.64514923095703,245.0,572.97998046875,62067.4765625
2024-10-07,99.30622863769531,244.1699981689453,567.7999877929688,62236.66015625
2024-10-08,99.4756851196289,242.3699951171875,573.1699829101562,62131.96875
2024-10-09,99.21650695800781,241.0500030517578,577.1400146484375,60582.1015625
2024-10-10,99.15669250488281,242.82000732421875,576.1300048828125,60274.5
2024-10-11,99.18659973144531,245.47000122070312,579.5800170898438,62445.08984375
2024-10-14,99.09688568115234,245.07000732421875,584.3200073242188,66046.125
2024-10-15,99.49562072753906,245.9199981689453,579.780029296875,67041.109375
2024-10-16,99.62521362304688,247.14999389648438,582.2999877929688,67612.71875
2024-10-17,99.13675689697266,248.6300048828125,582.3499755859375,67399.8359375
2024-10-18,99.20653533935547,251.27000427246094,584.5900268554688,68418.7890625
2024-10-21,98.51871490478516,251.22000122070312,583.6300048828125,67367.8515625
2024-10-22,98.53864288330078,253.92999267578125,583.3200073242188,67361.40625
2024-10-23,98.28943634033203,250.8699951171875,577.989990234375,66432.1953125
2024-10-24,98.47883605957031,252.8000030517578,579.239990234375,68161.0546875
2024-10-25,98.27946472167969,253.32000732421875,579.0399780273438,66642.4140625
2024-10-28,98.1199722290039,253.3300018310547,580.8300170898438,69907.7578125
2024-10-29,98.22962188720703,256.0899963378906,581.77001953125,72720.4921875
2024-10-30,98.12994384765625,257.5,580.010009765625,72339.5390625
2024-10-31,98.11000061035156,253.50999450683594,568.6400146484375,70215.1875
2024-11-01,97.72000122070312,252.47000122070312,571.0399780273438,69482.46875
2024-11-04,98.12999725341797,252.8300018310547,569.8099975585938,67811.5078125
2024-11-05,98.36000061035156,253.39999389648438,576.7000122070312,69359.5625
2024-11-06,97.58999633789062,245.6999969482422,591.0399780273438,75639.078125
2024-11-07,98.33000183105469,249.64999389648438,595.6099853515625,75904.859375
2024-11-08,98.5,247.9600067138672,598.1900024414062,76545.4765625
2024-11-11,98.27999877929688,242.13999938964844,598.760009765625,88701.484375
2024-11-12,97.70999908447266,240.0500030517578,596.9000244140625,87955.8125
2024-11-13,97.69000244140625,237.6300048828125,597.1900024414062,90584.1640625
2024-11-14,97.6500015258789,237.00999450683594,593.3499755859375,87250.4296875
2024-11-15,97.66000366210938,236.58999633789062,585.75,91066.0078125
2024-11-18,97.75,241.08999633789062,588.1500244140625,90542.640625
2024-11-19,97.88999938964844,243.25,590.2999877929688,92343.7890625
2024-11-20,97.79000091552734,244.6199951171875,590.5,94339.4921875
2024-11-21,97.73999786376953,246.66000366210938,593.6699829101562,98504.7265625
2024-11-22,97.80999755859375,249.83999633789062,595.510009765625,98997.6640625
2024-11-25,98.69000244140625,242.47999572753906,597.530029296875,93102.296875
2024-11-26,98.54000091552734,242.9499969482422,600.6500244140625,91985.3203125
2024-11-27,98.80999755859375,243.49000549316406,598.8300170898438,95962.53125
2024-11-29,99.19999694824219,245.58999633789062,602.5499877929688,97461.5234375
